Column1,avg_mstry,avg_onrle,avg_wr,avg_ws,result
0,-1237469,0,-48.8,-1,0
0,-305984,-1,-42.88,1,0
0,237085,3,-42.72,-1,1
0,695779,-1,-40.93,-1,0
0,695779,-1,-40.93,-1,0
0,698798,-1,-40.51,1,0
0,698798,-1,-40.51,0,0
0,-736229,2,-40.16,-1,1
0,-737120,2,-40.16,-2,1
0,-737120,2,-40.16,-2,1
0,-501940,1,-38.84,-1,0
0,-501940,1,-38.84,-1,0
0,-501940,1,-38.84,-1,0
0,-501940,1,-38.84,-1,0
0,36459,0,-37.01,1,0
0,559419,3,-36.71,-1,0
0,559419,3,-36.71,-1,0
0,559419,3,-36.71,-1,0
0,-1298710,-1,-36.05,1,0
0,1343354,0,-35.12,1,0
0,688754,-1,-31.22,-2,0
0,-67419,1,-30.87,0,0
0,-311409,1,-30.7,-1,0
0,-58302,0,-30.69,0,0
0,1069073,-1,-30.63,0,0
0,20667,-1,-28.31,0,1
0,730357,0,-28.12,-1,1
0,85775,1,-27.83,-1,1
0,1581928,0,-27.71,1,1
0,-572238,0,-27.35,0,0
0,1007302,1,-27.15,-2,1
0,-154567,1,-26.49,-1,0
0,412945,0,-25.94,0,1
0,-265369,0,-25.28,-1,0
0,504748,1,-25.11,0,1
0,-245664,1,-24.73,1,0
0,-495734,0,-24.62,0,1
0,-262741,1,-24.53,0,1
0,-602215,2,-24.16,3,1
0,-602288,2,-24.16,2,1
0,-602540,2,-24.16,1,1
0,-602540,2,-24.16,2,1
0,-602540,2,-24.16,1,1
0,-602540,3,-24.16,2,1
0,-602540,4,-24.16,2,1
0,-743710,-2,-23.44,1,0
0,-1410758,-1,-23.38,0,1
0,487919,3,-23.37,0,1
0,133218,-1,-23.33,0,0
0,-162122,0,-23.33,0,0
0,353305,2,-23.33,-2,0
0,1256507,0,-23.2,-1,0
0,-452389,-1,-23.19,0,1
0,-740009,0,-23.1,0,0
0,-599753,2,-23.02,1,1
0,-599753,2,-23.02,-1,1
0,-599753,3,-23.02,0,1
0,-232675,0,-22.72,0,1
0,2791652,-1,-22.68,0,0
0,43477,-2,-22.67,2,1
0,1347448,-1,-22.21,-2,0
0,714278,0,-22.05,1,0
0,1258358,1,-22.02,1,0
0,-158034,-1,-21.66,-1,0
0,167449,-1,-21.43,1,1
0,10763,0,-21.39,0,0
0,-120249,1,-21.39,-1,0
0,412362,0,-21.2,1,1
0,412362,0,-21.2,1,1
0,412362,0,-21.2,1,1
0,-117228,0,-21.16,0,0
0,177502,0,-21.03,-1,1
0,1907959,-3,-20.95,1,1
0,266338,0,-20.92,1,1
0,-371504,0,-20.81,0,0
0,465725,0,-20.58,2,0
0,68134,0,-20.54,2,1
0,-205958,2,-20.49,3,1
0,-350712,-1,-20.34,1,1
0,-60456,2,-20.04,0,1
0,558576,3,-19.64,-1,0
0,559419,3,-19.45,0,0
0,-280550,-1,-19.44,1,0
0,-1257706,0,-19.43,0,0
0,558507,3,-19.42,0,0
0,1010467,1,-19.4,0,1
0,1880,0,-19.23,0,1
0,731722,1,-18.95,0,1
0,-2822374,-1,-18.94,0,0
0,205343,-1,-18.75,0,0
0,146711,0,-18.69,1,0
0,1053838,0,-18.64,-1,1
0,400098,0,-18.55,0,0
0,400098,0,-18.55,0,0
0,-2341584,0,-18.52,0,1
0,49611,0,-18.37,1,0
0,-1853147,2,-18.28,0,0
0,203067,0,-18.19,0,0
0,1744859,1,-18.05,0,1
0,-440514,0,-17.99,0,0
0,-869336,-3,-17.89,-2,0
0,2166335,0,-17.54,2,1
0,-1033288,-1,-17.48,0,1
0,833078,-2,-17.44,0,1
0,-908040,0,-17.41,-1,0
0,-2048648,0,-17.35,-1,0
0,-20896,0,-17.08,2,1
0,-185992,0,-17.06,2,1
0,-307958,0,-16.96,-1,0
0,310300,-1,-16.87,-2,0
0,451887,-2,-16.74,0,0
0,-10775,0,-16.71,-2,0
0,37669,0,-16.7,1,1
0,-1345921,0,-16.67,1,1
0,41299,2,-16.65,-1,1
0,-184318,1,-16.58,-1,0
0,-274856,0,-16.52,0,0
0,-10775,0,-16.51,-2,0
0,-10775,0,-16.51,-2,0
0,-1533757,0,-16.41,0,1
0,237802,1,-16.37,-2,1
0,325697,0,-16.31,0,0
0,-74522,0,-16.21,1,1
0,-138950,-1,-16.15,-1,1
0,50797,0,-16.13,0,0
0,-267571,-1,-16.06,-2,1
0,1140932,0,-16.03,2,1
0,1138538,-2,-16.03,2,1
0,20179,0,-15.99,-1,1
0,961751,-1,-15.86,-1,0
0,-572511,0,-15.84,0,0
0,181407,0,-15.82,0,1
0,-527151,-1,-15.77,-1,0
0,37503,0,-15.64,1,1
0,38254,0,-15.64,1,1
0,961751,-1,-15.6,-1,0
0,-1715591,1,-15.58,-3,0
0,-113123,0,-15.47,0,0
0,1101543,0,-15.43,-1,1
0,539558,2,-15.3,0,0
0,4056,-1,-15.11,1,1
0,61332,-1,-15.08,0,0
0,61332,-1,-15.07,-1,0
0,-529514,0,-15.06,-2,1
0,-347574,0,-15.04,1,0
0,-144500,0,-15,0,0
0,-357956,2,-14.95,1,0
0,1018683,2,-14.87,-1,0
0,330648,0,-14.86,0,0
0,-616781,0,-14.81,0,1
0,-321744,-3,-14.8,-1,0
0,321601,0,-14.72,-3,0
0,118968,1,-14.64,0,1
0,1263440,2,-14.54,0,0
0,-115998,-1,-14.54,1,1
0,99930,1,-14.48,0,1
0,-472856,0,-14.48,-2,1
0,1143440,-2,-14.45,1,1
0,1138824,-2,-14.45,1,1
0,-1868235,0,-14.45,-1,1
0,1138538,-2,-14.45,2,1
0,1136291,-2,-14.45,2,1
0,164379,0,-14.25,-2,1
0,-487658,0,-14.22,0,1
0,193779,1,-14.07,2,0
0,654391,0,-14.05,1,1
0,16129,0,-13.89,0,1
0,1230336,-1,-13.81,0,0
0,-1746910,-1,-13.57,-1,0
0,262043,3,-13.56,1,1
0,876313,1,-13.56,0,1
0,298478,3,-13.54,0,0
0,1473933,0,-13.45,0,0
0,254424,2,-13.33,-1,0
0,523334,0,-13.19,-2,1
0,75383,-1,-13.18,1,1
0,-1164476,0,-13.14,-1,0
0,-539521,3,-13.05,-1,1
0,1827218,0,-12.99,1,0
0,523334,0,-12.97,-2,1
0,573953,0,-12.91,0,1
0,452081,0,-12.9,-2,1
0,169337,0,-12.86,-2,0
0,527036,0,-12.85,0,0
0,1679968,-1,-12.76,1,1
0,-501940,1,-12.72,-1,0
0,2468761,0,-12.71,-1,1
0,518349,1,-12.7,0,0
0,441913,1,-12.58,-1,0
0,883327,0,-12.51,-1,0
0,1376837,0,-12.5,0,0
0,2022279,3,-12.44,1,1
0,1164972,-1,-12.41,-1,1
0,777632,-1,-12.39,0,1
0,-50953,0,-12.3,-1,1
0,-87619,-1,-12.29,-1,0
0,478377,0,-12.24,2,1
0,478893,0,-12.24,2,1
0,478893,0,-12.24,2,1
0,478893,0,-12.24,2,1
0,478893,0,-12.24,2,1
0,478893,0,-12.24,2,1
0,478893,0,-12.24,2,1
0,478704,0,-12.24,1,1
0,-1273321,0,-12.16,3,0
0,-756238,0,-12.16,2,1
0,349637,-2,-12.11,-1,1
0,299782,0,-12.07,1,1
0,428760,-1,-11.9,0,0
0,1333675,0,-11.86,-2,0
0,254409,1,-11.86,-1,0
0,621440,1,-11.85,1,0
0,783140,2,-11.82,0,0
0,239176,0,-11.81,-2,1
0,-534711,0,-11.81,-1,0
0,-41339,0,-11.68,1,1
0,1792507,0,-11.68,0,0
0,708668,0,-11.65,3,1
0,1062545,-1,-11.63,-2,0
0,-233294,0,-11.62,-2,1
0,652264,-1,-11.6,0,1
0,-594639,0,-11.58,-1,0
0,-98756,0,-11.55,0,0
0,-335645,1,-11.37,0,0
0,2077113,1,-11.35,0,0
0,-25453,-2,-11.34,2,1
0,2022738,2,-11.33,1,1
0,-1250245,0,-11.32,1,0
0,102343,-1,-11.27,0,0
0,2363971,0,-11.22,1,0
0,121187,1,-11.2,-1,0
0,-25453,-2,-11.19,0,1
0,1995335,1,-11.15,-2,0
0,-28605,0,-11.14,0,1
0,104350,2,-11.1,2,0
0,1092576,-1,-11.1,0,1
0,-4067668,-1,-11.1,0,1
0,-360053,0,-11.09,-1,0
0,-4255,0,-11.01,0,1
0,60439,0,-10.94,0,0
0,-36628,0,-10.93,-2,1
0,1997890,1,-10.93,-1,0
0,-1425250,1,-10.88,0,0
0,71954,1,-10.84,1,1
0,-2913334,0,-10.83,-1,0
0,232553,-1,-10.78,-1,1
0,1996900,1,-10.78,-1,0
0,-1425250,1,-10.78,0,0
0,-335486,1,-10.76,0,0
0,324488,-2,-10.76,0,0
0,-434349,-2,-10.75,-1,1
0,-49784,0,-10.75,0,1
0,77369,2,-10.73,1,0
0,14959,0,-10.7,2,1
0,219225,0,-10.69,-1,0
0,-679649,-1,-10.69,0,1
0,1111949,0,-10.67,1,0
0,737359,1,-10.61,-1,0
0,95008,0,-10.58,0,1
0,354911,1,-10.56,-1,0
0,-678434,1,-10.53,0,1
0,8458,-1,-10.48,1,0
0,-143840,-1,-10.47,-1,0
0,2711681,-1,-10.44,-1,0
0,1865118,-1,-10.39,1,1
0,-1031825,-2,-10.38,0,0
0,-152036,1,-10.3,1,1
0,-1753890,-1,-10.29,0,0
0,323017,-1,-10.22,-1,0
0,-55270,2,-10.22,0,0
0,-310709,0,-10.2,-1,0
0,1801043,-1,-10.15,0,1
0,-445420,1,-10.02,1,1
0,-600513,1,-9.93,0,0
0,-804442,0,-9.92,0,1
0,447191,1,-9.91,-1,0
0,-3506153,0,-9.83,-3,0
0,-335645,1,-9.79,0,0
0,3624309,-1,-9.74,1,0
0,565773,0,-9.74,1,1
0,175481,-3,-9.71,-2,0
0,1990126,-1,-9.69,1,1
0,91485,2,-9.65,-1,0
0,-1008943,-1,-9.61,0,0
0,-306911,-1,-9.58,1,0
0,-306911,-1,-9.58,1,0
0,310274,-3,-9.54,1,1
0,-1137884,0,-9.52,0,0
0,275528,0,-9.5,0,0
0,18367,-1,-9.43,0,1
0,-53607,2,-9.42,1,0
0,-3069866,2,-9.39,0,1
0,162009,-2,-9.38,-2,0
0,196269,-1,-9.35,1,1
0,-209737,0,-9.34,-1,0
0,-164027,0,-9.28,2,1
0,-45803,-1,-9.26,-2,1
0,743661,1,-9.23,-1,1
0,1289886,1,-9.22,1,1
0,450201,-1,-9.17,-1,0
0,1041237,0,-9.05,0,1
0,-370965,0,-9.03,1,0
0,-2170375,2,-9.03,0,1
0,529865,-1,-8.95,-1,1
0,-34659,0,-8.92,0,1
0,2834254,2,-8.91,0,1
0,-28684,1,-8.91,-1,0
0,-19717,-2,-8.89,-1,1
0,-404197,0,-8.87,0,0
0,1352025,-1,-8.85,1,1
0,519894,0,-8.79,2,1
0,426714,1,-8.72,-3,0
0,426507,1,-8.71,-3,0
0,-272188,1,-8.7,-3,0
0,426507,1,-8.61,-2,0
0,-1793087,0,-8.6,0,0
0,398664,0,-8.58,0,1
0,-142803,2,-8.54,-1,0
0,186168,0,-8.51,2,1
0,-1202244,-2,-8.5,-1,0
0,1229586,-1,-8.4,0,1
0,26928,-2,-8.38,0,0
0,26928,-2,-8.38,0,0
0,1798754,2,-8.38,0,0
0,619158,2,-8.35,-1,0
0,1110990,-1,-8.35,0,0
0,-836364,-1,-8.35,2,1
0,-90004,0,-8.33,0,0
0,848425,-2,-8.32,0,1
0,-2164797,0,-8.31,0,0
0,254424,1,-8.31,-1,0
0,254602,1,-8.31,-1,0
0,-916431,0,-8.29,0,0
0,727344,1,-8.25,-1,0
0,92563,-1,-8.24,0,1
0,-1111263,1,-8.22,3,1
0,135973,-1,-8.21,1,1
0,589254,2,-8.19,2,0
0,-2763477,0,-8.16,-1,0
0,350127,0,-8.16,-1,0
0,-1670707,3,-8.14,1,1
0,-1372129,0,-8.11,1,0
0,447191,1,-8.06,0,0
0,882134,3,-8.03,-1,1
0,-1088472,1,-8.03,0,0
0,888411,2,-7.88,0,0
0,-639299,-1,-7.88,0,1
0,1734170,0,-7.82,1,1
0,1224524,2,-7.77,0,0
0,304204,1,-7.77,0,1
0,-1673994,0,-7.69,2,0
0,852952,0,-7.69,-1,1
0,1726844,-1,-7.66,0,1
0,160467,1,-7.63,-1,1
0,-305270,0,-7.61,0,1
0,708216,3,-7.56,0,0
0,-349079,1,-7.52,-1,0
0,-75384,0,-7.51,1,0
0,1003230,1,-7.47,0,1
0,222341,-2,-7.45,0,0
0,223415,-2,-7.38,1,0
0,382527,-1,-7.33,-1,0
0,-36381,0,-7.31,-1,0
0,851224,0,-7.28,0,1
0,-3061174,-2,-7.27,-1,1
0,-3061174,-2,-7.27,-1,1
0,-731769,1,-7.26,0,0
0,-1464498,0,-7.25,-1,1
0,-697493,-1,-7.24,0,0
0,1249171,1,-7.16,0,0
0,-1425250,1,-7.14,-1,0
0,546605,-1,-7.1,1,0
0,-176944,1,-7.1,-1,0
0,281387,0,-7.09,1,0
0,589696,0,-7.08,-3,0
0,1749757,1,-7.08,2,0
0,-298782,-1,-7.08,1,0
0,281858,-2,-7.08,1,1
0,891045,-3,-7.02,-2,0
0,278541,0,-7.02,0,1
0,-460402,-1,-7,1,1
0,1046956,0,-6.98,0,1
0,-85323,-1,-6.94,-1,0
0,413721,1,-6.92,1,1
0,-1465836,-2,-6.9,0,0
0,-1239791,2,-6.87,2,0
0,-1241392,1,-6.87,2,0
0,1319985,0,-6.83,0,0
0,42431,2,-6.83,-2,0
0,-1169168,3,-6.82,-1,0
0,3559423,2,-6.76,0,1
0,-695025,1,-6.67,-1,1
0,138520,1,-6.67,-1,1
0,513563,0,-6.63,-1,0
0,-65033,2,-6.61,1,0
0,1230762,1,-6.58,0,0
0,-387573,-1,-6.57,0,0
0,1126767,1,-6.57,0,0
0,-1344122,2,-6.52,0,0
0,960333,1,-6.5,-1,1
0,-3101238,1,-6.48,-1,1
0,543312,0,-6.47,0,1
0,543312,0,-6.47,0,1
0,50373,-1,-6.47,0,1
0,543312,0,-6.47,0,1
0,50373,0,-6.47,0,1
0,543312,0,-6.47,0,1
0,-948203,-1,-6.47,-1,1
0,-78587,0,-6.41,0,0
0,413635,-2,-6.39,1,1
0,-821035,0,-6.38,-1,0
0,-524972,0,-6.35,0,1
0,2458294,0,-6.32,1,0
0,-1401053,0,-6.31,1,0
0,-593868,0,-6.31,-1,0
0,45952,0,-6.29,0,1
0,45952,0,-6.29,1,1
0,1090418,0,-6.29,0,1
0,1221682,0,-6.28,-1,0
0,50373,-1,-6.27,0,1
0,543312,0,-6.27,0,1
0,622947,-2,-6.27,-1,0
0,523412,3,-6.24,0,1
0,133271,0,-6.19,2,1
0,4228591,1,-6.18,0,1
0,-8478,0,-6.14,-1,1
0,-587298,0,-6.13,1,0
0,-1607967,1,-6.13,1,1
0,-215956,0,-6.06,0,0
0,-628372,-2,-6.05,-1,0
0,992261,0,-5.99,0,0
0,3265002,-1,-5.98,1,0
0,-2670699,-1,-5.97,-1,0
0,581219,1,-5.94,1,1
0,-639032,0,-5.93,-1,1
0,546000,4,-5.93,3,1
0,86913,2,-5.89,-1,1
0,-133444,-1,-5.88,-1,0
0,-335508,0,-5.88,0,1
0,880814,-1,-5.88,0,1
0,1598227,0,-5.86,1,1
0,-656902,-2,-5.83,-1,0
0,203524,0,-5.83,1,0
0,478893,0,-5.82,1,1
0,480419,0,-5.82,1,1
0,252620,-2,-5.81,0,0
0,88542,1,-5.8,2,0
0,-283618,0,-5.78,0,0
0,1006996,1,-5.77,0,1
0,184745,-1,-5.74,-1,0
0,775542,1,-5.74,-1,1
0,17471,-1,-5.74,0,1
0,576939,0,-5.71,-1,1
0,-575965,0,-5.71,1,0
0,-639972,0,-5.59,0,1
0,403372,1,-5.58,0,1
0,716417,4,-5.56,0,1
0,-139806,1,-5.56,1,0
0,414767,0,-5.51,0,0
0,-641057,0,-5.5,0,1
0,-737814,-3,-5.45,1,0
0,271582,0,-5.42,0,1
0,92581,0,-5.38,0,1
0,-641220,0,-5.37,0,1
0,833890,1,-5.36,-3,0
0,834860,1,-5.36,-3,0
0,-734264,-1,-5.31,0,0
0,-1793087,0,-5.3,-1,0
0,-1793087,0,-5.3,-1,0
0,382963,0,-5.26,0,0
0,770357,0,-5.24,0,0
0,-255644,0,-5.19,0,0
0,1051441,-1,-5.19,0,1
0,-686396,0,-5.19,-1,0
0,-1248395,1,-5.18,0,1
0,1475949,0,-5.17,-1,1
0,230185,1,-5.15,1,0
0,772008,-1,-5.12,-1,1
0,-1008001,-1,-5.07,0,0
0,2359608,0,-5.07,-1,0
0,1162621,-1,-5.05,-1,0
0,-650512,0,-5.05,-1,0
0,-1596029,2,-5.05,-1,0
0,243725,0,-5.03,2,1
0,-87001,-1,-5.03,0,0
0,738431,0,-5.02,0,1
0,-2924350,1,-5.02,0,0
0,20558,1,-5,-2,1
0,20558,1,-5,-2,1
0,402710,0,-4.96,-1,0
0,20558,1,-4.94,-1,1
0,856964,-2,-4.92,1,0
0,816943,0,-4.86,2,1
0,573502,1,-4.86,-2,1
0,-1088642,1,-4.85,-1,0
0,-260575,-2,-4.85,-1,0
0,-476608,0,-4.84,0,1
0,358486,-1,-4.83,1,0
0,202543,2,-4.79,0,1
0,633311,1,-4.76,-1,1
0,266657,-1,-4.76,0,0
0,-89533,1,-4.74,1,0
0,-89668,0,-4.74,1,0
0,-3943105,-1,-4.73,-1,0
0,840222,0,-4.71,1,1
0,-4277984,0,-4.69,0,0
0,357075,-3,-4.67,-1,1
0,1115845,0,-4.66,0,1
0,387949,-1,-4.63,0,0
0,4228440,1,-4.6,0,1
0,4228440,2,-4.6,0,1
0,-925830,0,-4.59,-1,0
0,-328106,0,-4.57,-3,1
0,-775513,0,-4.56,0,0
0,2306670,1,-4.55,0,1
0,-3353248,-1,-4.54,0,0
0,-239914,3,-4.52,2,0
0,-169729,1,-4.5,0,0
0,-447652,-2,-4.5,-1,0
0,-77313,-1,-4.48,0,0
0,813023,0,-4.47,0,1
0,250425,-3,-4.46,0,1
0,2682316,0,-4.46,0,0
0,-288273,0,-4.46,0,1
0,-775673,0,-4.45,1,0
0,209348,3,-4.45,2,0
0,-857909,1,-4.43,0,0
0,-1029038,-2,-4.43,2,0
0,469477,0,-4.41,1,0
0,469477,0,-4.41,1,0
0,-912299,0,-4.41,-1,0
0,-2822944,-3,-4.39,0,1
0,1216042,0,-4.37,1,1
0,-1409233,1,-4.36,0,0
0,38492,1,-4.35,-1,1
0,1726037,3,-4.33,1,1
0,-1791398,-3,-4.3,0,1
0,-775513,0,-4.29,0,0
0,-102739,0,-4.29,-1,0
0,1018751,0,-4.27,0,1
0,579084,1,-4.27,0,1
0,-1230679,0,-4.26,0,1
0,3069073,0,-4.23,-1,0
0,-558454,-1,-4.23,-1,0
0,-557137,-1,-4.23,0,0
0,-557137,-1,-4.23,0,0
0,-1382100,0,-4.23,0,0
0,-483446,0,-4.21,0,0
0,-1342431,-1,-4.19,1,0
0,-558845,1,-4.18,-1,0
0,224161,-2,-4.17,0,0
0,-1529880,-1,-4.11,-1,1
0,108223,0,-4.11,-1,1
0,419559,0,-4.09,0,0
0,-353144,1,-4.07,0,0
0,1080866,0,-4.07,-1,0
0,-432432,0,-4.06,-1,1
0,-651043,0,-4.06,0,1
0,457241,2,-4.04,-1,0
0,-579107,-1,-4.04,-1,0
0,67703,0,-4.04,0,0
0,-1497714,-1,-4.02,0,1
0,-263405,0,-4,0,0
0,-2822963,-3,-3.99,0,0
0,-3354027,0,-3.98,-1,1
0,-3354132,0,-3.98,0,1
0,1183105,0,-3.98,1,1
0,-3354132,0,-3.98,0,1
0,-150140,0,-3.97,0,1
0,-1167824,0,-3.96,-1,1
0,-2065623,2,-3.94,-1,1
0,-1034698,0,-3.91,0,1
0,764920,1,-3.87,1,0
0,538258,2,-3.87,0,0
0,-32930,0,-3.87,2,0
0,4767416,-2,-3.86,1,0
0,-1841004,0,-3.85,0,0
0,19465,-3,-3.84,2,1
0,1478449,0,-3.82,-1,1
0,-979987,0,-3.82,2,0
0,216905,-4,-3.82,0,1
0,523716,0,-3.8,0,0
0,281306,-3,-3.8,0,0
0,-192292,-2,-3.77,-1,1
0,129159,1,-3.76,0,1
0,129159,1,-3.76,1,1
0,282794,-1,-3.74,2,0
0,-401542,0,-3.71,-1,0
0,-401542,0,-3.71,-1,0
0,-1310997,-1,-3.69,-2,1
0,844716,0,-3.69,0,0
0,-218373,1,-3.69,0,0
0,2263931,1,-3.68,1,1
0,497886,0,-3.67,0,1
0,596651,1,-3.66,0,0
0,322419,2,-3.64,1,1
0,617739,-1,-3.63,1,1
0,97536,-1,-3.62,2,1
0,-1660023,0,-3.62,1,0
0,-170086,1,-3.62,0,0
0,845043,2,-3.61,2,0
0,-543353,0,-3.59,0,1
0,-2398429,1,-3.59,1,1
0,1311399,2,-3.58,0,1
0,-334176,-1,-3.55,0,1
0,-346581,0,-3.54,0,0
0,-346581,0,-3.54,0,0
0,453941,-1,-3.53,0,1
0,-3300228,-1,-3.53,-1,0
0,-341104,2,-3.52,-1,0
0,200814,0,-3.51,-1,1
0,-1214006,1,-3.49,-1,1
0,-699514,0,-3.49,1,1
0,858679,-1,-3.45,0,0
0,6120860,0,-3.45,1,1
0,6120860,-3,-3.45,1,1
0,847952,2,-3.44,0,1
0,738585,1,-3.44,0,1
0,316458,0,-3.43,-2,1
0,-29571,0,-3.43,0,1
0,2008990,0,-3.43,0,1
0,-333966,1,-3.42,0,0
0,-828161,1,-3.39,-3,1
0,857389,1,-3.38,0,1
0,3280869,-2,-3.38,1,0
0,752578,1,-3.34,1,1
0,1066720,1,-3.34,0,1
0,1647010,1,-3.33,0,1
0,362753,0,-3.33,0,1
0,-563770,-3,-3.31,0,0
0,738279,0,-3.3,0,1
0,157083,-2,-3.3,0,1
0,197768,-1,-3.28,-1,1
0,1767496,1,-3.26,1,1
0,-680672,1,-3.25,0,0
0,-311291,0,-3.25,1,1
0,2803863,0,-3.23,0,1
0,1854850,2,-3.23,-2,1
0,31631,0,-3.21,0,0
0,-171349,0,-3.2,0,1
0,-525174,0,-3.2,0,0
0,1630301,0,-3.19,0,1
0,-146771,0,-3.18,0,1
0,-336852,1,-3.18,0,0
0,272880,2,-3.17,0,1
0,222603,-1,-3.16,0,1
0,-1380914,-1,-3.15,2,1
0,-672249,0,-3.14,0,0
0,1194342,0,-3.13,-1,0
0,1099912,1,-3.13,-1,0
0,-898121,0,-3.12,-1,1
0,552177,-1,-3.12,2,1
0,961751,-1,-3.11,-1,0
0,961751,-1,-3.11,-1,0
0,350221,-3,-3.11,-1,0
0,-377417,1,-3.11,0,0
0,1092959,2,-3.11,-1,0
0,744751,0,-3.11,1,1
0,145500,0,-3.1,-1,1
0,-3171921,1,-3.1,0,0
0,-3171717,1,-3.1,0,0
0,-1857708,2,-3.08,1,0
0,-222443,0,-3.07,-1,0
0,-2571567,0,-3.07,0,0
0,1184724,0,-3.04,1,1
0,-474585,-3,-3.04,-1,0
0,549699,-1,-3.04,2,0
0,1917274,-1,-3.04,0,0
0,229592,1,-3,-2,1
0,-871192,0,-2.98,0,0
0,-775513,0,-2.98,0,0
0,-87416,0,-2.97,-1,0
0,308228,0,-2.96,0,1
0,418963,3,-2.95,0,1
0,-391914,0,-2.95,-2,1
0,-695397,-2,-2.94,-1,0
0,-1664274,0,-2.94,-1,1
0,306586,0,-2.93,1,1
0,306586,0,-2.93,1,1
0,306586,0,-2.93,1,1
0,306586,0,-2.93,1,1
0,306586,0,-2.93,1,1
0,-746741,0,-2.93,0,0
0,1829375,1,-2.9,0,1
0,-1181428,2,-2.88,-1,0
0,1185319,0,-2.87,1,1
0,404459,0,-2.84,1,1
0,786298,2,-2.84,0,0
0,118714,-1,-2.83,0,0
0,-80365,-1,-2.82,1,1
0,1107912,0,-2.81,1,0
0,1107912,0,-2.81,0,0
0,1107912,0,-2.81,0,0
0,-1809106,-1,-2.81,1,1
0,289442,-2,-2.81,0,0
0,-1075955,1,-2.8,0,1
0,-775673,0,-2.79,1,0
0,375596,0,-2.79,-1,0
0,-19603,0,-2.78,0,1
0,759541,0,-2.78,1,0
0,346055,-1,-2.74,0,0
0,557522,1,-2.74,2,0
0,-863799,0,-2.73,-1,1
0,-31584,-2,-2.72,0,1
0,-480742,-2,-2.72,0,0
0,423848,0,-2.7,1,1
0,190668,1,-2.69,0,1
0,-547648,0,-2.68,-2,0
0,-547648,0,-2.68,-2,0
0,-198238,3,-2.68,0,1
0,-704425,0,-2.65,0,0
0,-32166,0,-2.64,2,0
0,-32251,0,-2.64,2,0
0,-32251,0,-2.64,2,0
0,705065,0,-2.63,0,1
0,704301,1,-2.63,0,1
0,-137654,-1,-2.62,0,0
0,754135,1,-2.6,0,0
0,129159,1,-2.6,1,1
0,129159,1,-2.6,1,1
0,-1688329,1,-2.57,-1,0
0,-149328,-1,-2.55,2,1
0,1900453,0,-2.54,0,1
0,-164149,1,-2.52,0,1
0,-498847,-1,-2.52,0,0
0,702319,-2,-2.51,-1,1
0,-52221,-2,-2.51,1,0
0,-336612,0,-2.51,0,0
0,2850688,1,-2.49,0,0
0,87617,-1,-2.48,-1,1
0,-2581354,1,-2.48,3,1
0,325685,-2,-2.47,0,0
0,-888095,0,-2.47,1,0
0,325685,-2,-2.47,0,0
0,-1092778,-2,-2.47,-1,1
0,-461900,1,-2.47,1,0
0,144479,-1,-2.47,-1,0
0,904775,0,-2.45,-1,1
0,-1445282,1,-2.44,1,1
0,-276252,-4,-2.44,0,0
0,67447,1,-2.43,1,1
0,1997949,0,-2.42,0,1
0,-431010,0,-2.41,1,0
0,-3354132,0,-2.4,0,1
0,724575,0,-2.4,1,1
0,-3354459,0,-2.4,0,1
0,1944832,0,-2.38,-1,1
0,303623,0,-2.38,0,1
0,-190405,-1,-2.38,1,1
0,-4496510,-1,-2.38,2,1
0,1050931,0,-2.37,0,0
0,124646,0,-2.37,-2,0
0,-1051324,-3,-2.33,-1,0
0,2157668,3,-2.32,0,1
0,-689717,-1,-2.32,1,0
0,743094,0,-2.31,1,0
0,704301,-2,-2.31,1,1
0,1002909,0,-2.3,0,0
0,1004003,0,-2.3,0,0
0,1004003,0,-2.3,0,0
0,-261803,0,-2.29,-2,0
0,-190405,1,-2.28,1,1
0,447600,-1,-2.26,0,1
0,-861575,-1,-2.25,0,0
0,-3938,0,-2.25,0,0
0,2275458,0,-2.23,1,0
0,882294,-1,-2.23,1,0
0,1686260,1,-2.22,0,1
0,-49456,1,-2.22,0,0
0,-31147,0,-2.19,0,0
0,136751,-1,-2.19,1,1
0,-1668882,0,-2.19,2,0
0,707340,0,-2.18,2,0
0,-2420176,-2,-2.18,0,1
0,205391,0,-2.17,1,1
0,1600083,1,-2.16,1,1
0,-386920,1,-2.16,-1,1
0,-704222,1,-2.13,0,0
0,-3177220,0,-2.13,2,1
0,-267484,0,-2.13,0,0
0,-131596,-1,-2.12,0,0
0,-327139,-1,-2.12,-1,0
0,150238,0,-2.11,-1,1
0,-101735,-1,-2.1,1,0
0,1004003,0,-2.09,1,0
0,1004003,0,-2.09,1,0
0,-12219,0,-2.08,2,1
0,-199309,0,-2.08,0,1
0,363099,3,-2.06,1,1
0,1620582,0,-2.03,0,1
0,-1258179,-2,-2.03,-1,1
0,478064,-1,-2.02,0,1
0,-5028842,-2,-2.01,0,0
0,1904816,3,-2.01,1,0
0,145915,0,-2.01,0,0
0,-1036262,-1,-2,0,0
0,515354,1,-1.99,1,0
0,1650763,1,-1.98,1,0
0,-1424476,2,-1.98,-1,0
0,-192296,-1,-1.97,1,1
0,-199856,0,-1.97,-1,1
0,861972,0,-1.97,0,0
0,1226009,1,-1.96,-1,0
0,513563,0,-1.96,0,0
0,-949323,0,-1.96,1,0
0,-1922660,0,-1.95,-1,0
0,-441578,0,-1.94,1,1
0,-1146242,0,-1.92,0,1
0,482002,2,-1.91,0,1
0,482002,2,-1.91,0,1
0,-1975740,0,-1.91,1,1
0,415559,0,-1.9,0,1
0,360553,1,-1.89,0,1
0,177768,0,-1.89,0,0
0,1113576,-1,-1.89,0,0
0,368729,2,-1.88,2,1
0,66035,-1,-1.85,-1,1
0,515354,1,-1.85,2,0
0,-987513,1,-1.84,0,0
0,1511672,2,-1.84,1,1
0,-570877,0,-1.83,0,0
0,201612,0,-1.82,-1,1
0,-1557858,0,-1.82,1,0
0,201739,0,-1.82,-1,1
0,-1559702,0,-1.82,1,0
0,-281136,3,-1.82,0,0
0,-1560375,0,-1.82,1,0
0,-1099212,2,-1.8,0,1
0,-186463,0,-1.8,1,0
0,-1461173,1,-1.79,0,0
0,-584020,2,-1.79,-2,0
0,-190214,-2,-1.79,0,0
0,1025363,-3,-1.78,0,0
0,630407,0,-1.77,0,0
0,-28484,0,-1.76,0,0
0,-265689,-3,-1.75,-1,1
0,324233,2,-1.74,0,0
0,-138194,3,-1.73,0,0
0,376641,1,-1.73,2,0
0,399871,0,-1.72,0,0
0,-1997225,0,-1.71,2,1
0,511813,1,-1.7,0,1
0,-1617012,0,-1.7,0,1
0,654385,3,-1.69,-1,1
0,-249208,-1,-1.69,-1,1
0,-170156,1,-1.68,-1,0
0,-1560926,0,-1.68,0,0
0,-1354725,0,-1.67,1,1
0,-1560926,0,-1.67,0,0
0,-588897,1,-1.67,0,0
0,-656213,-1,-1.66,0,1
0,-2975762,-1,-1.66,-1,1
0,-109049,2,-1.64,0,0
0,604588,0,-1.64,0,1
0,-574547,-1,-1.63,0,1
0,791557,-1,-1.62,-3,0
0,-1732158,3,-1.62,1,1
0,-76926,1,-1.61,0,1
0,7375,3,-1.6,1,1
0,1736884,2,-1.6,2,0
0,120721,1,-1.58,1,1
0,5368,2,-1.58,-1,0
0,-1009721,1,-1.58,2,0
0,-807366,1,-1.57,1,1
0,752644,0,-1.57,0,1
0,138934,1,-1.57,-1,1
0,-1462113,-1,-1.57,0,0
0,842886,0,-1.56,1,0
0,120721,1,-1.56,1,1
0,120721,1,-1.56,1,1
0,120721,1,-1.56,1,1
0,779612,-2,-1.55,1,0
0,-1461173,3,-1.55,0,0
0,212402,0,-1.55,-1,0
0,566980,0,-1.55,-1,0
0,595249,1,-1.55,1,0
0,144468,-2,-1.54,1,1
0,140513,-2,-1.54,-2,1
0,140513,-2,-1.54,-2,1
0,210922,0,-1.54,1,0
0,-302212,-1,-1.52,0,0
0,1156512,0,-1.5,0,0
0,9017,0,-1.48,-1,0
0,9017,0,-1.48,-1,0
0,1205419,0,-1.48,1,0
0,-2919753,2,-1.48,0,0
0,-575203,0,-1.47,1,0
0,1110605,0,-1.47,0,0
0,1399312,0,-1.47,-1,1
0,-949453,0,-1.46,-1,0
0,328735,0,-1.45,2,1
0,2943819,0,-1.44,-1,0
0,650915,0,-1.44,-1,0
0,-85463,0,-1.43,-1,1
0,1405682,1,-1.43,1,0
0,-604660,-2,-1.43,2,1
0,682884,0,-1.42,0,1
0,-1401700,0,-1.41,1,0
0,1547703,0,-1.4,1,0
0,-157845,-1,-1.4,-1,1
0,-2888253,1,-1.4,0,0
0,-116794,-2,-1.39,0,0
0,-116794,-2,-1.39,0,0
0,-116794,-2,-1.39,1,0
0,-116794,-2,-1.39,0,0
0,-825331,-2,-1.38,-1,0
0,3614975,0,-1.37,1,0
0,234566,0,-1.37,1,1
0,-192296,-1,-1.35,1,1
0,-192296,-1,-1.35,0,1
0,1217393,0,-1.34,-1,0
0,444152,-1,-1.34,1,1
0,218328,0,-1.34,0,0
0,376850,-1,-1.34,-1,1
0,-140594,0,-1.32,1,0
0,797931,1,-1.31,0,1
0,-3265382,0,-1.31,0,0
0,-271138,-2,-1.31,1,1
0,-1067944,0,-1.3,0,1
0,397170,2,-1.3,2,1
0,-587534,1,-1.28,0,1
0,-724905,-2,-1.28,1,1
0,-1028798,-1,-1.28,0,1
0,681786,0,-1.28,1,0
0,804970,0,-1.27,2,1
0,804970,0,-1.27,2,1
0,804172,0,-1.27,2,1
0,804172,0,-1.27,1,1
0,804172,0,-1.27,1,1
0,803011,0,-1.27,1,1
0,670561,0,-1.25,-1,0
0,-58436,1,-1.25,1,0
0,1422406,1,-1.25,-1,0
0,-1340141,0,-1.25,0,1
0,1258664,0,-1.24,-1,1
0,1093060,0,-1.24,0,0
0,-120342,-1,-1.24,-1,0
0,1481407,-1,-1.22,-1,0
0,-230004,0,-1.21,0,1
0,479228,0,-1.21,1,1
0,3024510,-2,-1.21,0,0
0,182344,0,-1.2,1,1
0,804725,0,-1.2,-1,1
0,-344902,-1,-1.19,0,0
0,-345060,-1,-1.19,-1,0
0,201940,0,-1.19,-2,1
0,-193099,0,-1.18,2,0
0,683007,-2,-1.17,0,1
0,375800,2,-1.15,2,1
0,-487,0,-1.15,-1,0
0,259943,0,-1.15,0,1
0,-1084283,-1,-1.14,1,0
0,-210579,0,-1.14,-1,0
0,-699252,4,-1.13,0,0
0,-3098584,0,-1.13,0,0
0,-423606,0,-1.13,1,0
0,746847,0,-1.12,-1,1
0,-24000,-1,-1.12,-1,1
0,427943,-4,-1.11,0,0
0,780121,-2,-1.1,0,0
0,-701966,-2,-1.1,1,0
0,170874,0,-1.1,1,0
0,779379,-2,-1.1,0,0
0,-1948539,2,-1.1,0,0
0,-345060,-1,-1.08,-1,0
0,-51298,1,-1.08,0,1
0,2058890,0,-1.08,0,1
0,932144,0,-1.07,3,1
0,29855,3,-1.06,3,1
0,31374,1,-1.06,3,1
0,-820230,0,-1.06,0,0
0,31374,1,-1.06,3,1
0,693926,-2,-1.05,1,1
0,-922868,0,-1.05,0,0
0,604666,1,-1.03,0,1
0,-1886065,0,-1.03,0,0
0,-879970,0,-1.02,0,1
0,1653474,2,-1.01,0,1
0,291568,3,-0.99,3,1
0,290370,3,-0.99,3,1
0,-345060,-1,-0.99,-1,0
0,-1260474,3,-0.99,1,1
0,-1029984,-1,-0.99,-1,0
0,-1142342,-1,-0.98,-1,0
0,-1142342,-1,-0.98,-1,0
0,1599072,-2,-0.98,1,0
0,1599072,-2,-0.98,1,0
0,296443,0,-0.98,0,1
0,134922,0,-0.97,-2,1
0,8331,0,-0.96,0,1
0,-778451,0,-0.95,1,0
0,140493,0,-0.94,-1,0
0,910605,1,-0.94,-1,0
0,1492911,1,-0.94,-1,0
0,1603879,0,-0.94,0,0
0,-164716,1,-0.93,-1,0
0,-927105,-1,-0.93,-2,1
0,24645,-1,-0.92,-1,0
0,-324241,1,-0.92,1,0
0,120530,1,-0.92,0,1
0,200814,0,-0.91,-2,1
0,-143209,0,-0.91,1,0
0,260635,0,-0.91,0,0
0,-1304628,2,-0.91,-1,0
0,201783,0,-0.91,-2,1
0,3312077,1,-0.9,-1,0
0,413716,0,-0.9,3,1
0,-365971,2,-0.85,1,0
0,-636997,2,-0.85,1,0
0,-1205757,1,-0.84,1,1
0,-517414,0,-0.83,-1,0
0,-1228914,0,-0.83,-2,1
0,112439,-1,-0.82,1,0
0,-86723,-2,-0.82,-1,0
0,-521217,-1,-0.81,-2,0
0,-755726,0,-0.81,1,0
0,1947942,0,-0.79,-1,0
0,84068,-1,-0.79,0,0
0,350577,-2,-0.79,-1,1
0,254409,0,-0.79,-1,1
0,394984,0,-0.79,0,1
0,245214,0,-0.79,-1,1
0,-1019944,-2,-0.78,-1,1
0,471068,0,-0.78,0,1
0,513448,0,-0.77,0,0
0,352333,1,-0.77,-1,0
0,122473,0,-0.77,0,0
0,-998377,0,-0.76,-1,1
0,1195565,-1,-0.76,2,0
0,-79627,2,-0.76,1,0
0,1805214,0,-0.76,1,0
0,266205,0,-0.75,0,0
0,1126887,0,-0.74,0,1
0,1125867,0,-0.74,-1,1
0,230072,-1,-0.74,-2,1
0,1125867,0,-0.74,-1,1
0,1183346,0,-0.74,0,0
0,716941,1,-0.73,0,1
0,-498141,-3,-0.72,0,0
0,378552,3,-0.71,0,1
0,1225640,-1,-0.7,1,1
0,5476835,0,-0.7,0,0
0,1229586,-1,-0.7,1,1
0,-2299753,0,-0.69,0,1
0,926014,1,-0.69,-1,1
0,-325860,1,-0.69,0,0
0,1004204,-1,-0.69,-1,1
0,-293488,-1,-0.67,-1,0
0,166625,0,-0.65,0,1
0,985618,0,-0.64,-1,0
0,-874286,-1,-0.64,-1,0
0,-1016038,0,-0.64,1,1
0,-346044,-1,-0.64,-2,0
0,-1973328,0,-0.63,0,0
0,846597,-1,-0.62,0,1
0,330003,0,-0.62,-1,1
0,-2775140,0,-0.61,2,1
0,105041,0,-0.61,2,1
0,-2299753,0,-0.6,0,1
0,-2300914,0,-0.6,1,1
0,-2300914,0,-0.6,1,1
0,293848,-3,-0.59,-1,1
0,508710,1,-0.59,0,0
0,162064,1,-0.59,-1,1
0,-422326,3,-0.59,-3,1
0,-1325863,1,-0.59,-1,1
0,-194038,-1,-0.59,0,0
0,-481369,0,-0.57,-2,1
0,-1043706,0,-0.57,1,1
0,1192627,4,-0.57,-1,1
0,-25898,1,-0.56,2,0
0,-734623,0,-0.56,0,0
0,672572,-3,-0.55,1,0
0,-834612,-2,-0.54,-2,0
0,-833385,-2,-0.54,-2,0
0,-833208,-2,-0.54,-2,0
0,153042,0,-0.54,1,1
0,-2259938,2,-0.54,1,1
0,-1543191,0,-0.52,-1,1
0,120177,0,-0.52,0,0
0,-54186,0,-0.52,0,1
0,-2560079,-1,-0.51,1,0
0,-278160,-1,-0.51,-1,1
0,-2300914,0,-0.51,1,1
0,261372,1,-0.51,0,1
0,-596144,0,-0.5,0,1
0,87429,0,-0.5,-1,1
0,267247,1,-0.49,0,1
0,286473,3,-0.49,0,0
0,267247,-2,-0.49,0,1
0,247218,-1,-0.49,0,0
0,267962,0,-0.49,0,1
0,255881,1,-0.49,1,0
0,-1246785,-2,-0.48,0,0
0,-1246785,-2,-0.48,0,0
0,-1246785,-2,-0.48,0,0
0,-422326,2,-0.48,-3,1
0,299424,1,-0.48,-1,0
0,155939,-2,-0.48,0,0
0,-1246785,-2,-0.48,0,0
0,-602620,0,-0.48,0,1
0,-1246785,-2,-0.48,0,0
0,403189,1,-0.47,0,1
0,546896,1,-0.46,-1,0
0,-260105,-4,-0.46,1,1
0,-343652,2,-0.46,1,1
0,549950,1,-0.46,-1,0
0,1996377,0,-0.46,2,0
0,17999,-2,-0.45,-1,0
0,-162445,0,-0.45,0,1
0,-162445,0,-0.45,0,1
0,548658,-1,-0.44,0,1
0,-375062,0,-0.43,-1,1
0,923796,-2,-0.42,0,1
0,-2300768,0,-0.41,1,1
0,-775104,0,-0.41,-1,0
0,18134,-2,-0.41,-2,0
0,-996255,2,-0.41,-2,0
0,-531551,0,-0.4,1,1
0,-161945,0,-0.4,0,1
0,-496304,0,-0.39,0,0
0,-633032,0,-0.38,1,1
0,-633032,-1,-0.38,1,1
0,-633032,-1,-0.38,1,1
0,-653849,-2,-0.37,1,1
0,-653849,-2,-0.37,2,1
0,-653849,-2,-0.37,2,1
0,-1017350,0,-0.36,1,0
0,837701,2,-0.36,0,1
0,-261751,0,-0.35,0,0
0,-214863,-2,-0.34,2,1
0,-214863,-2,-0.34,2,1
0,578061,-1,-0.34,0,0
0,-1019582,1,-0.34,-1,0
0,510829,0,-0.33,0,0
0,1491413,0,-0.33,0,1
0,3046620,0,-0.33,-1,1
0,145040,-1,-0.32,-2,0
0,-140935,1,-0.31,2,1
0,-159971,0,-0.3,2,0
0,-349583,1,-0.3,1,0
0,846113,0,-0.29,-1,1
0,954527,0,-0.29,1,1
0,-476164,-1,-0.28,0,1
0,765074,0,-0.28,1,0
0,908966,1,-0.27,-1,0
0,1000801,1,-0.26,-2,1
0,510652,0,-0.26,0,0
0,-260274,2,-0.26,0,0
0,-260274,0,-0.26,0,0
0,-260274,0,-0.26,0,0
0,509425,0,-0.25,0,0
0,-1168332,0,-0.24,1,1
0,-159702,2,-0.24,1,1
0,-245320,1,-0.23,-1,1
0,188454,-2,-0.23,0,0
0,2189254,0,-0.23,-1,1
0,232879,0,-0.22,-1,0
0,835284,0,-0.22,-1,0
0,-42464,0,-0.22,1,1
0,514822,0,-0.22,2,0
0,-8431,2,-0.22,1,0
0,1365403,0,-0.21,2,1
0,1365403,0,-0.21,2,1
0,-168598,-1,-0.21,0,1
0,2029524,3,-0.2,0,1
0,-1116194,0,-0.2,-1,0
0,977847,0,-0.2,2,0
0,2029524,3,-0.2,-1,1
0,-310847,0,-0.2,0,0
0,-1020775,-1,-0.2,0,0
0,-246778,0,-0.19,0,0
0,-170562,-1,-0.19,-1,0
0,-467428,0,-0.19,0,1
0,-3958850,-1,-0.18,1,0
0,-411581,-2,-0.18,-3,0
0,10193,-3,-0.18,0,0
0,-187214,-1,-0.18,0,0
0,433702,-1,-0.17,-2,0
0,578885,-1,-0.16,-2,1
0,-1384444,1,-0.16,0,1
0,-606843,-2,-0.16,2,1
0,-1757112,-1,-0.14,1,0
0,46942,0,-0.14,0,1
0,2440501,-1,-0.12,0,1
0,1275880,0,-0.12,1,1
0,-501293,0,-0.1,2,0
0,976396,-1,-0.08,1,1
0,-549892,1,-0.08,-2,0
0,-1384444,1,-0.07,0,1
0,-1384444,1,-0.07,0,1
0,335336,-1,-0.06,0,0
0,-276950,-3,-0.05,-1,0
0,-275189,-3,-0.05,0,0
0,-275189,-2,-0.05,-1,0
0,-275966,-3,-0.05,-1,0
0,-350695,0,-0.04,1,0
0,139334,-1,-0.03,-1,0
0,349460,1,-0.03,1,0
0,-475292,0,-0.03,-1,0
0,1200595,0,-0.01,1,0
0,-412875,1,-0.01,0,1
0,-502221,-3,0,-1,1
0,-619717,0,0,-2,1
0,1538969,0,0,-1,1
0,-161156,0,0,-2,1
0,520965,-1,0.01,0,0
0,46942,0,0.02,0,1
0,-1726780,-1,0.03,-2,1
0,-452807,1,0.03,1,1
0,-451442,1,0.04,2,1
0,-111879,0,0.04,1,0
0,-476164,-1,0.04,0,1
0,-377082,-2,0.04,0,0
0,-42790,-3,0.04,1,1
0,-476164,1,0.04,0,1
0,-476164,-1,0.04,0,1
0,505983,2,0.05,-1,0
0,-856004,-1,0.05,0,1
0,-57754,2,0.05,0,0
0,-1285793,0,0.06,-1,0
0,1243416,0,0.07,0,0
0,825244,0,0.1,1,1
0,13703,-1,0.13,0,0
0,-452807,1,0.13,1,1
0,-1662202,0,0.14,1,0
0,-2124810,0,0.14,0,0
0,311647,0,0.15,-1,1
0,-7512,-1,0.16,1,0
0,-1471971,-1,0.16,-1,0
0,790710,-1,0.16,0,1
0,-346626,0,0.17,0,1
0,-279138,2,0.17,-2,0
0,188695,0,0.17,1,0
0,-903405,1,0.17,1,1
0,-856109,-1,0.17,-2,0
0,667602,1,0.18,0,0
0,-1381383,0,0.18,1,1
0,-239193,1,0.2,-1,0
0,490530,2,0.2,-2,0
0,-1410758,-2,0.2,1,1
0,-290152,-1,0.2,1,1
0,-1141393,-1,0.21,-1,0
0,-1139370,-1,0.21,0,0
0,534060,-2,0.22,2,0
0,-3763861,2,0.22,0,0
0,338921,-1,0.22,-1,1
0,-2413421,-3,0.23,1,0
0,-960619,0,0.23,0,0
0,441531,1,0.25,-1,1
0,4042,-1,0.26,-1,1
0,-283769,0,0.26,1,1
0,2815,-1,0.26,-1,1
0,-283769,1,0.26,0,1
0,-79,-1,0.26,-2,1
0,-283769,0,0.26,0,1
0,576864,1,0.27,1,0
0,-86167,0,0.27,0,1
0,-798971,1,0.28,1,0
0,417420,1,0.29,0,0
0,-1359622,0,0.29,-1,1
0,353675,0,0.3,0,0
0,803012,1,0.3,-3,1
0,-2878766,1,0.31,0,1
0,-377943,0,0.31,0,0
0,-949916,-1,0.32,0,1
0,-801236,0,0.34,2,1
0,617068,1,0.34,1,1
0,1634095,-2,0.34,0,1
0,-3206569,-1,0.34,0,1
0,46942,0,0.35,0,1
0,509970,-1,0.35,1,1
0,1621954,0,0.35,1,1
0,-1011949,0,0.35,1,1
0,130411,-1,0.36,0,0
0,-2712528,0,0.37,0,1
0,-1185764,0,0.37,0,0
0,-2112200,-1,0.39,2,0
0,-463042,1,0.39,3,1
0,547078,3,0.4,3,1
0,546000,3,0.4,2,1
0,169065,-1,0.41,1,1
0,-453838,3,0.41,-2,1
0,-730464,0,0.42,-1,0
0,3159942,-1,0.42,-2,0
0,-2781074,0,0.43,0,0
0,760393,-2,0.43,0,1
0,-1392891,0,0.43,1,0
0,69726,1,0.44,-1,0
0,69726,1,0.44,-1,0
0,2892301,-1,0.44,-3,1
0,-162168,1,0.44,-1,1
0,1363056,1,0.45,0,1
0,-335486,1,0.45,0,0
0,69589,1,0.45,0,0
0,-525723,-1,0.45,1,1
0,-1001611,1,0.46,0,1
0,-64995,0,0.46,0,0
0,268442,-1,0.47,-1,1
0,-192779,0,0.49,1,0
0,482247,0,0.49,1,0
0,482002,2,0.5,0,1
0,314503,-2,0.51,1,1
0,-1593440,-1,0.51,-1,1
0,-1727444,-1,0.52,-1,0
0,142219,0,0.52,0,0
0,229353,0,0.52,-1,0
0,1001095,2,0.53,0,0
0,1002114,2,0.53,0,0
0,-56697,-3,0.55,-4,0
0,-1241436,0,0.55,0,0
0,69403,1,0.56,0,0
0,112069,0,0.56,0,1
0,-162673,2,0.56,0,0
0,-271214,-2,0.57,1,0
0,-234344,0,0.57,-1,1
0,-252807,0,0.58,0,1
0,-128609,1,0.58,0,0
0,681881,0,0.59,2,1
0,-696411,0,0.59,0,0
0,-1691036,-2,0.59,0,0
0,-696411,0,0.59,0,0
0,102599,2,0.6,-1,0
0,482002,2,0.6,0,1
0,-87780,-1,0.6,-1,0
0,609634,-2,0.6,0,0
0,-355889,0,0.61,1,0
0,372737,0,0.61,1,1
0,190933,-2,0.62,2,0
0,-2112912,4,0.62,1,0
0,-1753787,-1,0.62,0,0
0,-90647,0,0.62,0,0
0,-1053867,2,0.63,0,0
0,-704397,1,0.63,1,0
0,-391617,0,0.63,1,1
0,1663113,1,0.64,3,1
0,-579967,0,0.64,0,0
0,987584,0,0.64,-1,0
0,-3095541,-1,0.65,0,0
0,-505856,1,0.65,1,1
0,-1895784,0,0.65,-2,1
0,1835662,0,0.66,-1,0
0,-781371,0,0.66,0,0
0,-440024,-3,0.67,0,0
0,-1159482,1,0.68,1,1
0,-112830,3,0.68,0,0
0,379846,0,0.69,-1,1
0,-104560,2,0.7,1,0
0,-37726,0,0.7,-1,1
0,-2575835,0,0.7,1,1
0,-948246,-3,0.71,1,0
0,-194149,0,0.72,0,1
0,-372608,0,0.72,-1,0
0,372737,0,0.72,2,1
0,-311692,0,0.72,-2,0
0,-1720678,-3,0.73,0,0
0,-1158692,1,0.73,1,1
0,-89668,0,0.73,1,0
0,-1720678,-3,0.73,0,0
0,331690,0,0.73,-2,1
0,-1163353,1,0.73,-1,1
0,-1137239,-1,0.75,-1,0
0,-412294,0,0.76,1,0
0,-1273452,-3,0.76,3,0
0,-1070388,0,0.77,0,1
0,-345880,0,0.78,1,0
0,-379200,0,0.79,0,1
0,-271064,-2,0.8,1,0
0,-238403,1,0.8,-1,1
0,797937,0,0.82,0,1
0,208382,-2,0.83,0,0
0,208382,-2,0.83,0,0
0,208382,-2,0.83,0,0
0,-430899,0,0.84,0,0
0,-450174,0,0.84,-1,0
0,2312383,1,0.88,-1,1
0,1817172,0,0.88,0,1
0,-783120,-1,0.88,0,0
0,343423,2,0.88,-1,1
0,-435391,0,0.89,1,0
0,212623,0,0.9,0,0
0,-57581,1,0.91,1,0
0,-1158692,4,0.91,1,1
0,183579,0,0.91,0,0
0,-57581,1,0.91,0,0
0,-57381,1,0.91,0,0
0,-281184,1,0.91,-2,1
0,-150349,-1,0.92,1,0
0,-150349,-1,0.92,1,0
0,598403,2,0.93,0,1
0,-625425,-1,0.93,2,1
0,1521818,-1,0.93,1,0
0,1024476,-3,0.93,1,0
0,-1459655,0,0.93,-1,0
0,-184181,0,0.95,1,1
0,-1096417,0,0.95,1,0
0,-159871,-3,0.96,0,1
0,-1013798,2,0.96,-2,0
0,851815,-1,0.96,1,0
0,801786,-1,0.96,1,1
0,881250,-2,0.98,0,0
0,1466314,-1,0.98,0,0
0,237665,-2,0.98,1,0
0,-48641,-1,0.99,-1,0
0,-238213,0,0.99,-1,1
0,123804,0,1,2,1
0,597015,2,1.01,0,1
0,-250769,-2,1.02,-1,1
0,-1158692,1,1.02,1,1
0,1000669,2,1.03,0,0
0,2384573,-2,1.03,1,1
0,476685,2,1.04,1,1
0,-186861,1,1.04,-2,1
0,398520,0,1.05,0,1
0,-1669665,0,1.06,0,1
0,-1759969,0,1.06,3,1
0,-84750,-1,1.08,0,1
0,745094,0,1.08,1,0
0,595939,2,1.09,0,1
0,-68071,1,1.09,1,0
0,595936,0,1.1,0,1
0,184561,1,1.11,-2,0
0,246132,0,1.12,0,0
0,2105857,0,1.12,-2,0
0,-726010,-1,1.13,0,1
0,-7141,2,1.13,0,1
0,229368,2,1.14,0,0
0,496165,2,1.14,-1,0
0,-835110,0,1.14,0,1
0,-29474,0,1.14,1,0
0,1359910,1,1.14,2,0
0,-632491,-2,1.15,0,1
0,594914,2,1.15,0,1
0,-1022328,0,1.16,-1,0
0,-1700971,-1,1.16,0,0
0,-1207449,0,1.16,-1,0
0,-3976719,1,1.16,0,1
0,-1335690,0,1.17,0,0
0,1295147,1,1.17,1,1
0,-568419,0,1.19,1,0
0,595939,2,1.21,0,1
0,-574222,-1,1.22,2,1
0,120805,0,1.22,0,1
0,52659,1,1.23,-1,1
0,324556,-1,1.23,1,0
0,-395553,0,1.23,0,0
0,52659,1,1.23,-1,1
0,324556,-1,1.23,1,0
0,52659,1,1.23,-1,1
0,324556,-1,1.23,1,0
0,-741594,0,1.24,2,1
0,-491087,0,1.24,0,0
0,172373,0,1.25,1,1
0,-1363666,-2,1.25,-1,0
0,-2102947,1,1.26,-2,0
0,-637591,0,1.26,-1,0
0,67545,0,1.26,-1,0
0,-1288148,3,1.26,-1,0
0,249472,-1,1.27,1,0
0,-226954,1,1.29,0,1
0,115986,-1,1.29,0,0
0,1381136,0,1.3,0,1
0,-553932,1,1.3,-1,0
0,2022839,0,1.31,1,1
0,481171,0,1.31,1,1
0,2309419,0,1.31,1,1
0,-597116,0,1.32,-1,0
0,-119693,-1,1.32,0,0
0,-897980,1,1.33,1,0
0,-501940,1,1.33,-2,0
0,35938,0,1.33,0,1
0,-291652,0,1.34,1,1
0,-333017,1,1.37,0,0
0,1945910,0,1.37,-3,1
0,-318113,0,1.37,1,1
0,814853,0,1.38,0,0
0,-1544609,2,1.38,0,0
0,690328,2,1.39,-1,1
0,1539273,1,1.39,0,1
0,164749,0,1.39,0,0
0,690328,2,1.4,0,1
0,690328,2,1.4,-1,1
0,690328,0,1.4,-1,1
0,690328,2,1.4,-1,1
0,690328,2,1.4,-1,1
0,281694,0,1.4,2,1
0,690613,2,1.4,0,1
0,-422956,2,1.41,1,0
0,-6931,0,1.41,0,0
0,3280869,-2,1.42,1,0
0,3281813,-2,1.42,1,0
0,3282813,1,1.42,1,0
0,3284142,-2,1.42,1,0
0,3284142,1,1.42,1,0
0,-708073,0,1.43,-2,0
0,-2335916,-1,1.44,-1,1
0,1539273,0,1.44,0,1
0,-800945,-2,1.44,0,0
0,1493056,0,1.45,0,0
0,-1754230,1,1.45,-2,0
0,-1587305,-1,1.45,1,1
0,1502656,2,1.45,-1,1
0,-445413,-1,1.45,1,1
0,-318216,0,1.46,1,1
0,427317,2,1.46,-1,0
0,83193,0,1.48,0,0
0,-489245,0,1.48,1,0
0,907146,0,1.49,0,0
0,-93090,1,1.5,0,1
0,733998,3,1.51,0,1
0,732801,0,1.51,-1,0
0,-642657,0,1.52,1,0
0,-305083,0,1.54,0,1
0,2940237,2,1.55,-1,1
0,2940996,2,1.55,-1,1
0,-821449,-1,1.56,0,1
0,617679,-1,1.56,-1,1
0,-337649,2,1.56,1,1
0,-337649,-2,1.56,1,1
0,1100756,0,1.57,-1,1
0,386161,2,1.58,-1,0
0,-301129,0,1.58,1,1
0,30280,-1,1.6,0,1
0,-1164775,0,1.61,-1,1
0,-1164775,0,1.61,-2,1
0,-434476,1,1.62,0,0
0,-843697,0,1.62,0,0
0,-407701,1,1.63,1,0
0,-5820,0,1.63,-1,0
0,-244687,0,1.64,0,0
0,-505065,-2,1.65,-1,0
0,-661880,0,1.65,1,1
0,1754852,1,1.68,0,1
0,-1530288,-1,1.68,1,0
0,46418,3,1.69,1,0
0,-348611,-1,1.7,-1,0
0,275881,-2,1.7,0,1
0,480775,0,1.7,2,1
0,189544,-1,1.71,1,1
0,2938970,2,1.72,-1,1
0,-1021921,0,1.72,0,1
0,-2027485,0,1.72,2,1
0,-358087,0,1.73,-1,0
0,-34177,0,1.73,0,0
0,305630,-2,1.74,-1,1
0,1115471,1,1.75,0,1
0,1328915,2,1.76,0,1
0,-50200,0,1.77,0,1
0,2181816,-2,1.78,1,1
0,-336542,1,1.79,1,1
0,316733,2,1.79,0,0
0,1097311,4,1.79,-1,0
0,-872338,0,1.81,0,0
0,-64910,1,1.81,1,1
0,-521524,1,1.82,1,0
0,-26493,-2,1.82,0,0
0,370506,2,1.82,-2,1
0,-1001611,-1,1.82,0,1
0,844604,-2,1.83,-1,0
0,-461464,4,1.84,1,0
0,362258,0,1.86,-1,1
0,-202310,1,1.86,0,0
0,-283405,1,1.87,1,1
0,1178689,2,1.89,-1,1
0,-55408,2,1.89,0,0
0,-1032494,1,1.91,2,1
0,-11433,0,1.91,1,1
0,361409,-1,1.91,1,1
0,-11294,-1,1.91,0,1
0,362210,-1,1.91,0,1
0,-87556,-1,1.92,2,1
0,457455,-1,1.92,-2,1
0,-985680,-3,1.92,2,1
0,126943,0,1.92,0,1
0,-53248,-1,1.93,2,1
0,1216054,-2,1.93,-3,0
0,2790698,3,1.93,-1,0
0,-244095,-1,1.94,-2,1
0,-244095,-1,1.94,-2,1
0,-1001611,0,1.97,0,1
0,-571596,0,1.97,-2,0
0,-1001611,-1,1.97,1,1
0,260501,3,1.97,2,1
0,-1001611,-1,1.97,0,1
0,-759008,3,1.98,1,1
0,772927,1,1.98,-1,1
0,-759008,3,1.98,1,1
0,-4765,-2,1.99,1,1
0,56385,0,1.99,-1,0
0,1176247,-1,2,-1,0
0,125828,-2,2.01,1,1
0,-251752,0,2.01,-1,1
0,-521867,1,2.02,0,1
0,43265,0,2.04,2,1
0,2719407,-1,2.04,1,1
0,-901150,-3,2.04,-1,0
0,-501082,2,2.04,1,1
0,155862,1,2.05,1,0
0,-524554,-2,2.05,1,1
0,-2992605,0,2.06,1,1
0,833702,0,2.07,1,1
0,-146901,0,2.08,1,0
0,-1968442,-2,2.08,0,0
0,-1526712,0,2.09,-2,0
0,-255168,0,2.09,0,0
0,-3820876,0,2.1,0,1
0,-11658,-1,2.13,1,1
0,-464717,0,2.13,0,1
0,-820564,2,2.13,0,0
0,1847133,0,2.15,0,1
0,480183,0,2.15,-1,1
0,-3263384,0,2.16,2,1
0,612853,0,2.17,0,0
0,11307,2,2.17,0,1
0,-74511,2,2.2,0,1
0,1000134,0,2.21,0,0
0,467639,-1,2.22,0,0
0,-124974,-1,2.23,1,1
0,397815,2,2.23,-1,0
0,237829,-3,2.24,0,1
0,-104783,1,2.24,0,0
0,390427,-2,2.24,1,1
0,-1001738,-1,2.26,0,1
0,-204384,0,2.26,0,0
0,54237,-2,2.26,0,0
0,566255,0,2.27,-1,0
0,54721,-2,2.27,2,1
0,-494606,-1,2.27,0,0
0,-740414,1,2.31,0,0
0,-109511,-3,2.32,2,0
0,-109040,0,2.32,2,0
0,-45069,0,2.32,0,1
0,-287236,0,2.32,0,0
0,-252906,-1,2.34,0,1
0,985457,1,2.35,1,1
0,732757,3,2.36,0,1
0,-1687961,-2,2.37,-1,1
0,-1356213,1,2.4,0,0
0,-1371123,0,2.4,0,1
0,-598656,0,2.4,0,0
0,-2635485,0,2.41,-1,1
0,450911,0,2.43,1,1
0,844419,-1,2.44,0,1
0,844287,-1,2.44,0,1
0,844287,-1,2.44,-1,1
0,844483,-1,2.44,-1,1
0,342163,-1,2.48,1,1
0,1129547,-1,2.48,0,1
0,-26247,0,2.48,0,1
0,-783511,1,2.5,0,1
0,-1089890,0,2.5,0,1
0,11557,0,2.51,-1,1
0,471493,0,2.51,-2,0
0,-510380,2,2.51,-1,0
0,566691,-1,2.52,-1,0
0,-426692,0,2.52,0,1
0,-153609,-1,2.53,0,1
0,-1717196,-2,2.54,-1,0
0,1633515,0,2.56,0,0
0,-489273,0,2.57,-1,0
0,-278731,2,2.58,-1,0
0,1185373,-1,2.59,-1,1
0,-1303541,1,2.62,0,1
0,1750432,-1,2.63,0,0
0,351282,0,2.63,-1,1
0,-952569,1,2.64,-1,1
0,212610,4,2.65,1,0
0,-589325,2,2.66,1,0
0,71228,-1,2.67,-1,0
0,380169,-2,2.68,-2,0
0,433676,0,2.69,-1,0
0,729883,1,2.69,0,0
0,102229,0,2.69,3,1
0,-683342,1,2.7,-1,1
0,-50915,-1,2.72,0,0
0,-53175,1,2.74,-1,0
0,-3658871,-1,2.74,-1,0
0,249785,1,2.75,-1,0
0,-1358848,2,2.75,-1,1
0,-308749,-1,2.75,-1,1
0,794378,3,2.76,1,0
0,-609107,0,2.77,-1,1
0,690204,0,2.79,0,1
0,-345247,-2,2.79,0,1
0,-862808,-1,2.8,0,0
0,2440969,-3,2.83,-1,1
0,205088,0,2.84,-1,0
0,-61641,-1,2.84,-2,0
0,106593,-2,2.85,0,0
0,-1763380,0,2.86,-2,1
0,-745785,0,2.86,1,0
0,-3489574,-1,2.86,-1,1
0,-1763530,0,2.86,0,1
0,-1046880,1,2.87,0,0
0,-771595,0,2.87,1,0
0,3300913,2,2.87,1,0
0,1664107,0,2.87,1,1
0,222683,-1,2.9,1,0
0,222683,0,2.9,1,0
0,2978153,1,2.9,0,1
0,-1434007,0,2.9,0,0
0,222683,-1,2.9,0,0
0,-630836,0,2.91,-1,0
0,195785,1,2.94,0,0
0,-877534,0,2.94,0,1
0,-2257994,-3,2.96,1,1
0,-373814,0,2.96,0,1
0,-373558,0,2.96,0,1
0,-94739,0,2.97,1,0
0,-94637,0,2.97,1,0
0,-1216123,1,2.98,1,1
0,-1216279,1,2.98,1,1
0,196686,0,2.99,4,1
0,47145,0,3.01,0,1
0,-331750,0,3.01,0,0
0,-842582,0,3.03,-1,0
0,-842582,0,3.03,-1,0
0,74753,0,3.04,-1,1
0,1043632,0,3.04,-1,1
0,-92303,-1,3.04,1,0
0,-315871,0,3.05,0,0
0,343225,0,3.06,0,0
0,83193,0,3.06,0,0
0,1043632,0,3.06,-2,1
0,1042605,0,3.06,-2,1
0,-1042034,-1,3.08,-1,0
0,-1042034,-1,3.08,-1,0
0,287015,0,3.09,1,0
0,-511073,0,3.09,0,1
0,2038928,-1,3.09,0,0
0,-1989352,2,3.09,0,0
0,-843476,-1,3.1,0,0
0,-842299,-1,3.1,0,0
0,-736120,0,3.1,1,1
0,-1271084,-1,3.1,0,0
0,-866096,-1,3.1,2,0
0,640752,0,3.1,0,1
0,200124,0,3.15,-1,0
0,-178869,-4,3.15,0,0
0,-1022774,0,3.18,1,1
0,719508,1,3.19,3,0
0,320954,3,3.2,2,0
0,321799,1,3.2,1,1
0,570705,0,3.22,0,0
0,170146,-2,3.24,0,1
0,147130,0,3.24,-1,0
0,-474373,-2,3.24,0,1
0,22957,0,3.25,0,0
0,34200,2,3.26,-1,1
0,351652,-1,3.26,1,1
0,-161974,-1,3.29,-2,1
0,-161974,-1,3.29,-3,1
0,-161974,-1,3.29,-3,1
0,248217,0,3.29,2,0
0,-16519,-1,3.29,0,0
0,-161974,-1,3.29,-2,1
0,-161974,-1,3.29,-1,1
0,30300,-2,3.31,0,1
0,-1503762,1,3.31,3,1
0,21501,-1,3.32,0,1
0,863953,0,3.34,-1,0
0,-1093354,1,3.34,1,1
0,1326642,1,3.36,1,1
0,1326388,1,3.36,-1,1
0,1327408,2,3.36,-1,1
0,719971,1,3.36,4,0
0,2775570,0,3.37,-2,1
0,322261,1,3.37,1,1
0,-842447,-1,3.37,2,0
0,-449324,1,3.38,1,1
0,2738452,0,3.38,-2,0
0,345541,0,3.38,0,1
0,-1236254,-1,3.39,0,0
0,152718,0,3.4,0,1
0,152718,0,3.4,0,1
0,152718,0,3.4,0,1
0,152718,0,3.4,0,1
0,167135,-2,3.4,0,0
0,152718,0,3.4,0,1
0,152718,0,3.4,0,1
0,-1684242,0,3.41,1,0
0,-316206,-1,3.47,-1,1
0,-70092,1,3.47,0,0
0,-1246785,-2,3.47,0,0
0,-1185739,-1,3.48,-1,0
0,737018,0,3.5,1,1
0,31400,0,3.52,-3,0
0,538514,-1,3.52,1,0
0,610705,-2,3.52,-1,0
0,610705,-2,3.52,-1,0
0,-91946,-1,3.53,0,1
0,2575895,0,3.57,-1,0
0,-593500,0,3.57,0,1
0,320834,1,3.58,1,1
0,-673753,-1,3.58,0,0
0,-1166789,0,3.59,1,0
0,610705,-2,3.61,0,0
0,-1699462,-2,3.64,0,0
0,853430,-2,3.64,-1,1
0,853262,-2,3.64,-1,1
0,853262,0,3.64,0,1
0,609678,-2,3.65,0,0
0,627362,1,3.65,0,1
0,-519688,-2,3.69,1,0
0,-327178,-2,3.72,-3,1
0,242830,0,3.73,0,0
0,128656,0,3.73,0,0
0,3659963,4,3.74,0,1
0,-1226888,-1,3.76,-2,0
0,439870,1,3.81,0,0
0,46963,1,3.82,0,0
0,-586037,-2,3.89,2,0
0,-699342,-1,3.89,0,0
0,527848,0,3.91,0,1
0,142278,-1,3.92,1,0
0,864870,0,3.93,0,1
0,-1147013,0,3.93,0,0
0,-2039261,0,3.95,-1,0
0,412362,0,3.96,1,1
0,-2056055,0,3.96,0,1
0,-1545741,-1,3.97,0,1
0,238691,1,3.97,-1,1
0,269346,2,3.98,0,1
0,-967564,1,4.01,-1,0
0,1627043,0,4.02,-2,0
0,412362,0,4.02,1,1
0,844108,1,4.04,3,1
0,912737,-1,4.04,-1,0
0,-332691,0,4.08,-1,0
0,-68350,2,4.09,-2,1
0,-1927629,-1,4.11,-1,1
0,778030,0,4.11,0,0
0,2010829,-1,4.12,0,1
0,-144494,-2,4.13,1,0
0,513679,0,4.13,-1,1
0,291781,-2,4.15,1,1
0,105068,1,4.15,0,0
0,529926,2,4.16,0,0
0,-1593647,0,4.16,0,0
0,1876186,-3,4.16,0,1
0,371423,2,4.17,0,0
0,-1432821,1,4.19,-1,1
0,178730,0,4.19,0,0
0,-782682,2,4.2,-1,1
0,-340718,0,4.22,1,0
0,-1042034,0,4.23,-1,0
0,-582396,-1,4.23,-1,1
0,-1042034,-1,4.23,-1,0
0,105068,1,4.23,0,0
0,-28263,-1,4.26,0,1
0,267787,-2,4.26,-2,1
0,-309358,0,4.26,0,1
0,-595377,0,4.27,-1,1
0,-397135,0,4.27,-2,0
0,676891,-1,4.27,0,1
0,740232,1,4.31,1,1
0,451909,1,4.31,-2,1
0,-1547131,-1,4.31,0,1
0,736833,0,4.37,-1,1
0,236187,1,4.4,1,0
0,-507081,-1,4.41,1,1
0,-3831051,-2,4.42,2,0
0,116057,0,4.49,0,1
0,-56281,-2,4.5,0,1
0,-210697,0,4.52,0,0
0,1521797,0,4.55,1,0
0,738279,0,4.57,0,1
0,317205,-4,4.57,1,1
0,2384747,0,4.59,0,0
0,-1603524,-4,4.6,-1,0
0,-905337,0,4.63,0,0
0,425930,1,4.67,0,1
0,-571307,2,4.67,1,1
0,-226291,1,4.68,1,1
0,-1354283,1,4.7,1,1
0,487030,-3,4.71,-1,1
0,-45981,1,4.72,-1,1
0,761734,0,4.73,-1,1
0,-619441,0,4.75,-1,0
0,993821,-1,4.77,1,0
0,-1018620,-1,4.78,1,1
0,681282,0,4.78,0,1
0,-188627,-1,4.79,3,1
0,-600774,-2,4.81,0,0
0,60494,-1,4.85,-2,0
0,416811,1,4.85,2,0
0,-521859,-1,4.86,-1,1
0,165972,-1,4.89,1,1
0,703406,0,4.93,0,0
0,1909721,-2,4.93,-1,1
0,385173,3,4.97,-1,0
0,-1845572,0,4.97,2,0
0,-2683497,0,4.99,0,0
0,-37220,-2,5.04,0,0
0,-1843354,0,5.04,1,0
0,-1844274,0,5.04,1,0
0,-1844274,0,5.04,1,0
0,9837,2,5.05,0,0
0,244623,0,5.05,0,0
0,-36913,-2,5.06,-1,0
0,-131950,0,5.08,0,1
0,-213025,0,5.09,-1,1
0,-2263845,0,5.11,0,1
0,1027553,-1,5.13,0,1
0,102345,0,5.13,0,1
0,-156151,0,5.13,0,0
0,45007,2,5.15,-1,1
0,-123885,1,5.16,1,0
0,-218657,1,5.17,0,1
0,-867554,1,5.18,1,0
0,1426925,0,5.18,-2,0
0,787351,-3,5.22,0,0
0,-271079,3,5.22,-1,0
0,146100,0,5.22,0,1
0,58544,-1,5.23,0,1
0,240353,-2,5.24,-1,0
0,-797815,0,5.25,-1,0
0,-2027237,-1,5.28,0,1
0,-504763,0,5.3,0,0
0,226642,0,5.31,0,1
0,153684,0,5.31,-1,1
0,145981,0,5.31,1,1
0,13846,-1,5.34,0,1
0,-79712,1,5.34,1,0
0,-373086,-3,5.38,-1,1
0,706238,1,5.38,1,0
0,709428,1,5.38,1,0
0,709428,1,5.38,1,0
0,-1300504,2,5.38,-2,1
0,709428,1,5.38,1,0
0,709428,1,5.38,1,0
0,145981,0,5.4,1,1
0,-77056,2,5.4,-1,0
0,78310,1,5.41,-1,0
0,294413,1,5.42,-1,1
0,-316981,1,5.43,0,0
0,-867484,2,5.44,1,0
0,-867484,1,5.44,1,0
0,-867484,1,5.44,1,0
0,-867484,1,5.44,1,0
0,-867484,1,5.44,1,0
0,-867484,1,5.44,1,0
0,-867484,1,5.44,2,0
0,-867484,1,5.44,1,0
0,-867484,1,5.44,1,0
0,-867484,1,5.44,2,0
0,-867484,1,5.44,2,0
0,-866817,1,5.44,0,0
0,-1139349,1,5.45,-1,1
0,-373086,-3,5.47,0,1
0,-373086,-3,5.47,0,1
0,-373086,-3,5.47,-1,1
0,282947,0,5.5,-2,0
0,446088,0,5.54,0,1
0,675874,0,5.57,2,0
0,-2557941,1,5.58,0,1
0,-174388,-2,5.6,1,1
0,-1299898,0,5.61,1,0
0,-569156,1,5.62,0,0
0,112421,2,5.62,-2,1
0,-8035,0,5.63,1,1
0,2549177,-1,5.67,2,0
0,529650,-2,5.68,0,0
0,-990670,0,5.7,-1,1
0,231897,0,5.73,0,0
0,-2343842,0,5.73,0,1
0,-96434,3,5.76,1,1
0,-268970,1,5.76,-1,1
0,-1439555,1,5.78,0,1
0,1084549,0,5.78,0,0
0,-523188,0,5.83,3,1
0,192235,4,5.83,0,0
0,-1382478,-2,5.84,0,0
0,110456,-1,5.88,0,0
0,1837080,1,5.89,1,1
0,269412,0,5.94,0,1
0,2060310,2,5.97,-1,0
0,136519,-1,6,0,1
0,-316603,0,6.01,1,0
0,-224353,0,6.03,-1,0
0,298667,0,6.08,2,1
0,166970,0,6.14,1,1
0,738279,0,6.15,0,1
0,738279,0,6.15,0,1
0,961751,-1,6.23,0,0
0,-123704,0,6.23,1,0
0,-378751,1,6.28,-1,0
0,-1326400,1,6.28,1,0
0,-203484,3,6.31,-1,1
0,491872,0,6.33,-1,0
0,515101,1,6.36,1,1
0,-494050,1,6.37,-1,0
0,540810,0,6.37,-1,0
0,196442,0,6.39,-1,0
0,578674,1,6.42,0,0
0,1156097,-1,6.43,1,1
0,-31136,2,6.43,2,1
0,100796,-1,6.47,3,0
0,1451542,1,6.48,-1,0
0,-27492,2,6.52,4,1
0,-28356,2,6.52,4,1
0,444152,-1,6.53,2,1
0,-11383,0,6.55,-1,0
0,-180931,0,6.56,0,0
0,-1339591,0,6.57,0,0
0,-254771,-1,6.57,-3,1
0,19435,0,6.62,-1,0
0,-1854500,1,6.65,1,0
0,-167867,0,6.67,1,0
0,-1255620,0,6.68,-2,0
0,-1298385,2,6.71,-1,0
0,427086,1,6.71,-1,1
0,-645745,0,6.72,1,1
0,-1023890,1,6.74,0,1
0,-1023890,-2,6.74,0,1
0,776083,-2,6.75,0,1
0,-1339591,0,6.77,0,0
0,1014592,1,6.79,1,0
0,1417159,2,6.84,0,1
0,26968,1,6.84,1,1
0,-46490,0,6.85,0,1
0,676814,1,6.91,1,0
0,-1412558,2,6.92,0,0
0,209654,-2,6.95,0,0
0,-299472,-2,6.97,2,1
0,-296820,-2,6.97,2,1
0,510721,1,6.98,-2,1
0,-207198,3,7.05,-2,1
0,-1557587,1,7.08,-1,0
0,485678,-1,7.11,0,1
0,-1324124,1,7.14,0,1
0,611219,3,7.15,1,0
0,325685,-2,7.17,0,0
0,-109040,-1,7.18,1,0
0,-107504,-3,7.18,0,0
0,-107504,-3,7.18,0,0
0,-853357,3,7.19,2,1
0,-194868,2,7.21,1,0
0,-193443,2,7.21,1,0
0,-1557587,1,7.24,0,0
0,1218786,0,7.25,-1,0
0,1346739,-1,7.3,2,0
0,801035,0,7.31,1,1
0,-1555818,1,7.32,0,0
0,-244413,3,7.32,1,0
0,-1556743,1,7.32,0,0
0,-1556743,1,7.32,0,0
0,192410,0,7.34,-1,0
0,-429709,-1,7.34,0,0
0,337170,2,7.42,0,0
0,-214942,-1,7.43,1,0
0,325685,1,7.43,0,0
0,325685,-2,7.43,-1,0
0,1248839,0,7.44,3,0
0,1235192,0,7.45,0,1
0,-449193,2,7.47,0,0
0,388916,2,7.48,-1,0
0,-3179097,3,7.49,2,0
0,-217103,0,7.49,-1,0
0,3426784,0,7.52,2,0
0,3426784,2,7.52,2,0
0,411554,0,7.53,0,0
0,-369447,-2,7.55,2,0
0,-949024,0,7.58,0,1
0,185891,0,7.58,1,1
0,-492778,1,7.63,-1,0
0,549782,0,7.65,0,1
0,278062,0,7.66,-2,1
0,452,2,7.69,0,1
0,897084,0,7.72,0,0
0,-957975,0,7.8,-2,1
0,40225,2,7.81,1,1
0,-411975,0,7.86,0,0
0,-576672,1,7.87,1,1
0,-1000512,-1,7.87,1,0
0,-352420,0,7.9,0,1
0,2475978,-2,7.91,-1,1
0,2477465,-2,7.91,0,1
0,2477465,-2,7.91,0,1
0,2477465,-2,7.91,0,1
0,2477465,-2,7.91,0,1
0,-1459206,0,7.92,2,1
0,-282442,0,7.94,-3,0
0,6816,1,7.94,-1,1
0,104146,-1,7.95,1,0
0,3427574,0,7.96,1,0
0,3427574,3,7.96,1,0
0,1000584,-1,7.98,-1,1
0,-63945,0,8.01,0,0
0,-1956077,-1,8.03,0,0
0,216496,-1,8.04,-1,0
0,-684865,-3,8.08,1,1
0,143517,-2,8.09,2,1
0,138637,0,8.13,1,0
0,532103,1,8.19,-2,1
0,730108,1,8.25,0,1
0,-475407,1,8.29,1,1
0,92001,0,8.32,1,0
0,-94310,0,8.38,2,1
0,1333448,-1,8.38,-2,1
0,1454834,-2,8.43,0,1
0,-372807,-1,8.44,0,0
0,3427574,0,8.47,-1,0
0,1438283,-1,8.47,-1,0
0,346896,0,8.51,0,1
0,-163128,1,8.53,-1,0
0,1650320,0,8.54,2,1
0,57196,-3,8.58,1,1
0,57196,-3,8.58,-1,1
0,359255,0,8.59,1,0
0,5270421,3,8.65,0,1
0,-229284,0,8.67,1,1
0,-38907,0,8.72,-2,1
0,1839879,-1,8.72,1,0
0,43157,0,8.73,1,1
0,-601529,0,8.78,1,1
0,-221388,-1,8.8,0,0
0,1865307,-1,8.85,0,0
0,2243240,1,8.97,1,1
0,254184,1,9.01,-2,1
0,-133692,0,9.07,0,0
0,663371,-2,9.15,1,0
0,-653718,2,9.16,1,0
0,-590012,-1,9.21,-1,0
0,51548,0,9.22,0,1
0,695475,0,9.26,0,1
0,88800,-1,9.28,0,1
0,992159,-1,9.29,-1,0
0,-1813061,0,9.3,0,0
0,-1344781,1,9.34,0,0
0,-1191921,-2,9.37,-1,1
0,99277,-1,9.38,-1,1
0,234587,1,9.41,1,0
0,-789883,0,9.41,1,1
0,1563082,-2,9.48,1,1
0,1412974,-1,9.48,1,1
0,1562992,-2,9.48,0,1
0,382282,2,9.53,2,1
0,145981,0,9.54,1,1
0,145981,0,9.54,1,1
0,67677,0,9.61,1,1
0,-1687169,0,9.63,0,0
0,1537588,1,9.65,1,0
0,-1012010,0,9.66,-1,1
0,-475300,-1,9.66,-1,0
0,-897331,0,9.69,-1,1
0,871360,0,9.74,-1,0
0,-293174,2,9.78,0,0
0,569696,0,9.79,0,0
0,-744040,0,9.85,1,1
0,321716,0,9.95,1,0
0,1478439,0,9.96,0,1
0,-581279,-2,10.03,1,0
0,-241618,0,10.05,0,0
0,605566,1,10.09,-1,0
0,145981,0,10.11,1,1
0,1462519,1,10.11,2,0
0,1419619,0,10.19,0,1
0,-254252,1,10.36,-1,0
0,111426,1,10.38,-1,1
0,1184697,0,10.42,-1,0
0,-264605,0,10.45,-2,0
0,12379,2,10.53,0,0
0,-557411,-1,10.57,0,1
0,-244822,-1,10.59,1,0
0,-244822,-1,10.59,2,0
0,569594,-1,10.61,-1,0
0,-183122,-2,10.62,-1,0
0,-1292319,-1,10.66,1,0
0,-1076285,-3,10.73,-1,0
0,-1384444,2,10.74,-1,1
0,-1384444,1,10.74,-1,1
0,826312,0,10.75,0,0
0,826312,0,10.75,0,0
0,-472492,0,10.9,0,1
0,-2725923,-2,10.91,0,0
0,-889383,1,10.92,0,1
0,-97872,3,10.95,0,0
0,-97872,3,10.95,0,0
0,-1249287,1,11.05,-1,0
0,294328,-1,11.1,0,0
0,-654569,0,11.12,-1,1
0,-707840,-1,11.36,0,0
0,165412,1,11.37,0,0
0,136511,2,11.41,1,0
0,186429,0,11.43,1,1
0,1218318,1,11.48,-2,1
0,151183,-1,11.49,-1,1
0,-407605,0,11.52,1,0
0,-222513,0,11.54,-1,0
0,-351217,0,11.61,0,0
0,-292576,2,11.66,-1,1
0,-199528,2,11.66,-1,1
0,702149,0,11.67,1,1
0,-2837245,0,11.72,0,1
0,1110193,2,11.75,1,1
0,-1060073,1,11.79,-1,0
0,-842582,0,11.79,-1,0
0,168664,2,11.83,1,1
0,2314281,0,11.88,1,1
0,614975,3,11.92,0,1
0,-714293,-1,12.12,1,0
0,866562,1,12.16,0,1
0,866701,-1,12.16,0,1
0,-134746,0,12.23,2,1
0,-134746,0,12.23,2,1
0,1447096,1,12.34,1,0
0,-242008,-2,12.49,-1,1
0,573123,-1,12.54,2,1
0,571396,-1,12.54,2,1
0,-1331947,-2,12.62,0,0
0,-18121,-2,12.64,0,1
0,-3510935,0,12.68,0,1
0,-42600,0,12.7,0,1
0,-389761,-3,12.72,0,0
0,-2355257,0,12.8,-1,0
0,-77780,0,12.87,1,1
0,-835052,0,12.94,1,1
0,-366107,-3,13.15,0,0
0,-366107,-3,13.15,-1,0
0,-941037,0,13.18,-2,1
0,1976744,0,13.2,1,1
0,-1091120,0,13.24,0,1
0,809614,0,13.3,-2,0
0,49198,0,13.34,1,0
0,816943,0,13.45,2,1
0,-871148,3,13.45,0,1
0,-1422598,0,13.54,-1,1
0,-2395262,0,13.54,-1,1
0,2194127,-1,13.55,0,1
0,448968,2,13.64,-2,0
0,1264567,2,13.71,0,0
0,-1795026,0,13.82,0,1
0,-272160,0,13.84,-1,1
0,-436049,0,13.94,1,1
0,-5364,0,14.03,-1,0
0,-28222,1,14.18,0,1
0,916038,0,14.38,-1,0
0,-1508780,1,14.73,0,0
0,978141,0,14.77,-1,1
0,-489588,-1,14.77,-2,1
0,-1786286,2,14.8,0,1
0,229662,0,14.81,0,1
0,1170225,0,15.12,0,1
0,-866999,0,15.22,0,1
0,1072813,-1,15.28,1,1
0,-413391,3,15.32,0,0
0,-412695,1,15.32,0,0
0,-1284078,0,15.48,1,1
0,-1821558,0,15.49,0,1
0,414487,1,15.53,1,0
0,3443534,1,15.53,0,1
0,466890,-1,15.61,2,0
0,1585879,1,15.69,1,1
0,-47929,0,15.76,0,0
0,2943819,0,15.88,0,0
0,2943819,0,15.88,0,0
0,-958013,0,15.9,0,1
0,397815,2,16,1,0
0,1132766,0,16.16,0,1
0,296029,-4,16.27,0,0
0,697006,-1,16.37,0,0
0,-4673225,-1,16.48,0,0
0,-456015,-1,16.58,0,1
0,-1950209,-1,16.67,-2,0
0,141929,1,16.93,2,1
0,-1089104,2,17.13,0,0
0,-775901,2,17.22,0,1
0,-794251,-2,17.29,1,0
0,845406,0,17.31,0,1
0,959354,0,17.37,1,1
0,-1320258,0,17.4,1,0
0,1528872,0,17.41,0,0
0,-716295,2,17.62,0,0
0,2296623,0,17.62,0,0
0,595939,2,17.68,0,1
0,4461111,1,17.69,1,0
0,-544781,-1,17.87,2,1
0,1001672,1,17.94,-1,1
0,-450093,2,18.09,-1,1
0,1359549,-1,18.1,0,1
0,126704,-2,18.16,0,0
0,-38799,2,18.17,1,1
0,-269544,3,18.2,0,1
0,866118,2,18.33,1,1
0,640139,-2,18.53,0,0
0,304538,1,18.87,-1,0
0,-1452635,0,18.91,-2,1
0,-1831489,0,18.98,-1,1
0,666415,2,19.04,2,1
0,-1869626,0,19.04,-1,1
0,-1245309,0,19.23,0,0
0,-153693,2,19.37,0,1
0,109927,-1,19.52,1,1
0,822912,3,19.57,1,1
0,23712,0,19.62,1,1
0,-259799,0,19.67,-1,0
0,-952121,-1,20.1,0,0
0,-866173,0,20.39,0,1
0,-874275,0,20.41,-1,1
0,-532432,1,20.52,0,0
0,-83872,2,20.58,0,0
0,998303,1,20.59,1,0
0,543092,0,20.74,0,1
0,1282617,0,20.77,0,0
0,-902411,2,20.85,3,1
0,689628,3,20.89,1,0
0,108054,2,20.9,-1,0
0,-25186,-3,20.92,3,1
0,-1198083,-2,20.94,0,0
0,139334,-1,21.03,0,0
0,1388648,0,21.18,0,1
0,487878,0,21.8,0,1
0,-276855,0,22.77,0,0
0,-212831,-1,23.07,-1,1
0,-892360,0,23.71,-1,1
0,-1014220,1,24.15,-1,0
0,-964440,1,24.21,2,0
0,-666655,2,24.29,1,0
0,301373,4,24.51,1,1
0,601924,0,25.58,-1,0
0,601354,0,25.58,-1,0
0,601354,0,25.58,-1,0
0,-188983,1,25.7,1,1
0,-10764,1,26.04,1,1
0,715702,-1,26.08,-1,0
0,1341657,0,26.26,-1,1
0,-339461,-3,27,1,1
0,-1171003,0,27.41,0,0
0,617447,2,28.03,-2,0
0,804166,2,28.09,1,0
0,71458,-1,28.45,-1,0
0,-330246,0,28.46,-1,0
0,-541398,-3,28.48,0,0
0,80410,-1,29.28,0,1
0,-37906,0,29.39,0,1
0,-35988,-2,30.19,-2,0
0,-35988,-2,30.19,-2,0
0,172824,1,31.25,2,1
0,-171111,0,31.75,1,1
0,-96664,-2,32.27,0,0
0,-246273,0,33.41,1,0
0,-1053200,-1,33.65,2,0
0,-1053200,-1,33.65,1,0
0,-1053200,-1,33.65,1,0
0,-1053200,-1,33.65,1,0
0,-1053200,-1,33.65,1,0
0,1078994,0,33.68,0,0
0,-81667,-2,34.45,1,1
0,563338,0,37.48,-1,1
0,-443017,1,41.16,0,0
0,-443176,1,41.37,1,0
0,-443176,1,41.37,1,0
0,-443176,1,41.37,1,0
0,-443176,1,41.44,1,0
0,-240657,0,41.67,1,1
0,-954462,-2,1.31,-1,1
0,36142,0,-0.64,3,1
0,1432132,0,1.51,-1,0
0,-554319,1,0.01,1,0
0,967234,1,-0.5,0,0
0,-368980,1,9.97,0,0
0,-494721,0,-23.1,-2,0
0,399362,0,-3.59,0,1
0,307414,1,-3.5,1,0
0,-93348,-2,-2.59,1,0
0,135262,-1,-3.37,0,1
0,1036673,-1,-1.13,1,1
0,461393,1,4.43,2,1
0,457789,0,5.31,2,0
0,-557247,1,-2.1,-2,1
0,-330314,-1,1.19,0,0
0,-466969,-1,15.98,-2,1
0,433252,1,-0.21,1,1
0,-560055,1,-4.88,2,0
0,1758506,0,-4.8,1,1
0,-412976,0,-6.72,0,1
0,1386913,0,-0.09,-1,0
0,-331884,0,-2.58,0,1
0,403511,1,3.03,2,1
0,-215038,-3,0.19,1,0
0,140374,1,15.41,1,1
0,-912943,-1,-0.02,1,0
0,107791,0,-10.79,-1,0
0,-202404,0,-3.89,0,1
0,-245451,0,1.85,0,0
0,2186216,2,-7.85,-1,0
0,118209,3,0.51,-1,1
0,-902406,-1,-3.68,2,0
0,41158,2,1.09,-1,0
0,1490122,-1,7.19,-1,1
0,981838,2,-0.34,2,1
0,-933680,-2,-9.15,2,0
0,1402876,1,-3.32,0,0
0,-276673,-2,1.24,-4,0
0,172616,0,-2.71,3,0
0,-523359,0,1.55,-1,1
0,633644,0,-1.23,0,1
0,-62359,1,1.67,1,0
0,492387,0,4.81,-2,0
0,144659,0,25.57,1,1
0,-1682449,0,5,0,0
0,132756,0,0.92,2,1
0,37316,0,3.63,0,1
0,162210,-1,-18.04,0,0
0,-217399,1,9.85,2,1
0,-527262,-1,-2.18,-2,1
0,-405056,-2,-0.44,0,1
0,-1330871,1,1.12,2,1
0,-323166,0,-0.17,1,1
0,480592,-2,-1.87,-1,1
0,148923,0,-1.15,0,1
0,-29528,1,0.35,-1,0
0,-328178,1,1.67,-1,1
0,-15399,0,-3.4,0,0
0,44697,1,-6.1,1,0
0,-393204,2,5.57,1,1
0,-115315,-1,7.24,1,1
0,-365018,0,4.52,1,1
0,-110703,2,1.21,3,0
0,1750210,-1,-2.35,1,1
0,179321,-1,-3.59,1,0
0,-157657,0,8.83,-1,1
0,975994,-2,-6.44,0,0
0,208138,1,-1.37,1,0
0,-1220518,-2,-5.94,0,0
0,-336873,0,-2.37,0,1
0,-1994548,1,-7.24,1,1
0,-105020,1,1.33,1,1
0,11882,-2,-1.64,1,0
0,-112782,-2,1.34,1,1
0,-93110,-1,25.68,0,1
0,78727,1,3.85,0,0
0,-955555,-2,1.31,-1,1
0,1929804,-1,-0.69,1,1
0,-116598,0,-0.31,0,1
0,797554,0,16.42,0,1
0,785215,0,0.6,0,1
0,261175,1,-0.37,3,1
0,-746383,0,7.11,0,0
0,-791815,-2,-1.52,2,0
0,-78534,2,-0.93,2,0
0,62490,0,-29.4,0,0
0,911544,3,-15.4,0,0
0,-1039034,-1,1.63,1,1
0,437696,0,7.58,-1,0
0,520489,-4,1.5,1,0
0,1746228,0,-0.96,1,1
0,118209,3,0.51,-2,1
0,1229888,1,-1.97,1,1
0,4690,-1,-0.42,1,1
0,-169375,0,-14.89,-1,1
0,347453,0,12.77,1,1
0,-1114532,-1,1.76,0,0
0,12343,0,0.5,0,1
0,138102,0,-4.51,0,1
0,-45412,1,-0.49,-1,0
0,2546324,1,-7.71,-1,1
0,1428136,0,15.29,-1,0
0,-1558521,0,1.38,-2,0
0,-394558,0,-0.58,1,0
0,-519161,1,2,-2,1
0,178809,0,10.34,3,1
0,-231322,0,9.18,0,1
0,-511073,0,3.09,0,1
0,339014,0,-0.46,0,1
0,-2451407,1,-2.47,1,0
0,-36801,-1,25.5,0,1
0,-1558967,-1,-1.01,-2,0
0,645022,0,5.61,0,1
0,-436620,3,-7.19,1,0
0,-208107,-1,1.32,0,1
0,995281,-1,1.49,0,0
0,-194046,0,2.65,0,1
0,677337,-1,4.07,1,1
0,-1102329,0,12.03,-1,1
0,1019379,-2,-8.71,0,1
0,-2074845,0,-0.06,-1,0
0,-856079,-1,0.22,-3,0
0,-474420,0,17.45,-1,0
0,-1334189,-1,5.96,-1,1
0,205438,-2,1.91,-1,0
0,219755,-2,0.11,0,0
0,82356,-1,0.92,0,1
0,610411,1,-1.24,2,0
0,-363264,1,0.45,-2,1
0,-366065,0,10.08,-2,1
0,-996568,-1,-6.99,0,1
0,-54116,0,2.97,-1,1
0,-763790,1,8,1,1
0,514989,-1,-2.83,-1,0
0,395463,1,0.96,0,1
0,26141,-2,0.15,-1,1
0,-1698637,0,0.35,0,0
0,-1255610,0,2.05,1,0
0,984759,-1,13.77,-2,1
0,-98906,-3,-9.86,2,0
0,-560085,0,4.12,-1,0
0,-255347,0,-1.05,0,0
0,-628738,0,0.16,-1,1
0,254978,0,4.41,0,1
0,337846,1,-2.26,0,0
0,-808874,2,0.14,0,1
0,1054140,2,3.87,-1,0
0,-602058,-1,4.23,-1,1
0,899756,0,2.66,1,1
0,-33378,0,-0.63,0,1
0,-90259,0,5.28,-2,0
0,85734,0,-1.88,2,1
0,-621623,0,-4.19,0,0
0,-196758,-1,-1.05,0,1
0,-8052,-1,-2.44,0,1
0,-1176993,0,-0.71,-1,1
0,-149900,1,12.75,0,0
0,2110154,-1,-11.46,-2,0
0,1102486,0,1.92,-1,1
0,-1509749,0,1.03,-1,1
0,223941,0,3,0,0
0,-331884,0,-2.58,0,1
0,-216858,0,-3.13,0,1
0,-751927,0,0.39,-1,0
0,-201689,1,-1.2,-1,0
0,-247277,-3,-2.09,0,0
0,396581,-1,-3.35,-1,1
0,689950,0,10.01,-1,1
0,-62828,4,26.63,1,1
0,445517,-2,-0.09,-1,1
0,-417836,1,1.08,1,1
0,883319,0,-3.52,0,1
0,609002,0,0.74,2,1
0,-435891,2,11.05,-2,0
0,-377585,-3,-1.45,1,0
0,-380213,0,-0.2,-1,0
0,-1712047,3,9.55,0,1
0,230366,2,-5.17,-3,1
0,-756176,0,1.88,3,0
0,1891818,1,25.06,1,0
0,643945,0,5.07,0,1
0,-877174,-2,8.35,-2,0
0,398815,0,1.01,-1,0
0,1150586,1,3.75,1,1
0,-1010490,1,2.13,0,0
0,-665293,0,-1.16,-1,0
0,-696290,0,17.75,-1,1
0,659808,-1,-13.24,2,0
0,-49522,0,-4.27,0,1
0,519692,0,0.06,0,0
0,-18705,0,-1.87,-1,0
0,-522821,-1,0.13,-2,1
0,1293073,-3,-2.33,-2,1
0,485749,-3,11.58,-4,1
0,519314,-1,-1.52,-2,0
0,82086,0,3.26,-1,1
0,-1749532,2,0.47,0,1
0,-33518,0,-0.63,0,1
0,104164,0,-8.98,0,1
0,-78535,0,10.61,1,1
0,1187530,0,-2.81,-1,1
0,-175818,-1,-2.37,1,0
0,846764,-2,2.14,2,0
0,235007,1,1.15,2,1
0,474094,0,-8.26,1,1
0,-719029,-2,5.89,0,1
0,231084,0,0.41,-2,0
0,68060,-1,0.13,0,1
0,-954238,-3,-13.54,0,1
0,-72,0,3.7,0,1
0,508246,0,5.89,0,1
0,874553,-2,10.05,1,0
0,360731,1,1.05,-2,1
0,-436578,-1,-3.26,1,1
0,-472214,0,6.35,2,1
0,-44382,1,-7.58,1,1
0,571006,-1,-3.67,0,0
0,-5812,0,0.75,1,1
0,-145198,0,5.35,0,0
0,200163,1,-18.42,-2,1
0,624180,1,0.69,0,1
0,318872,-2,0.37,4,1
0,-605214,0,4.34,2,0
0,-159922,0,-2.89,0,0
0,148380,0,1.69,0,0
0,-2528022,-2,6.31,0,0
0,400834,1,1.22,-3,0
0,3327557,0,-9.45,1,0
0,554367,1,-21.98,-1,1
0,971663,1,4.34,1,1
0,-371903,0,-21.11,0,1
0,230949,1,-8.79,1,1
0,-1431069,-1,-24.24,0,0
0,1468665,1,-17.37,2,1
0,-295713,-1,-3.1,0,1
0,147442,0,8.38,0,1
0,130896,-3,-1.98,1,0
0,1469394,1,0.71,0,0
0,2307195,0,-1.69,1,1
0,421703,0,-6.84,-1,0
0,-710849,1,-2.73,1,1
0,33170,3,12.13,0,0
0,-767750,0,-6.76,-1,0
0,-200675,-2,2.34,-1,0
0,-219442,1,-3.35,0,1
0,234232,-2,0.61,0,0
0,-494286,0,2.21,0,0
0,-1940270,0,-12.54,-1,1
0,215136,0,14.12,0,1
0,150099,0,1.41,0,0
0,-298609,-2,7.79,1,1
0,170655,1,2.97,0,0
0,-199266,1,-9.04,2,1
0,26729,0,-6.15,0,1
0,427943,0,3.24,0,1
0,459636,-2,1.87,-2,0
0,1898859,-3,2.44,1,1
0,-47356,0,0.09,1,1
0,521562,1,-2.37,1,0
0,-67748,1,10.07,1,0
0,-218617,2,-2.68,0,1
0,-873515,1,-9.6,0,0
0,196119,1,9.38,0,1
0,-217222,0,6.72,0,1
0,-52713,-2,2.82,0,0
0,-154112,0,10.95,2,1
0,-702131,0,1.89,0,0
0,-205611,-1,5.38,0,0
0,-236849,1,-6.52,-1,0
0,-15882,2,-1.09,2,1
0,577973,3,23.49,0,1
0,458103,0,-0.98,2,1
0,1704325,0,-0.19,1,1
0,-95494,2,-1.16,0,0
0,133203,0,1.67,0,0
0,81739,-2,1.74,0,0
0,-244712,1,1.59,0,0
0,-218258,-1,0.87,0,0
0,156579,1,-3.31,0,0
0,84197,-1,0.87,1,0
0,168069,1,-2.91,0,1
0,111116,-1,-3.72,1,0
0,24177,0,4.36,-2,0
0,4457,0,8.14,0,1
0,-504500,0,-12.74,0,0
0,441172,2,-2.61,0,1
0,65673,2,-0.47,0,1
0,1032508,-1,6.13,0,0
0,-579337,-1,-5.27,0,1
0,-479214,0,5.82,0,0
0,-56884,0,-0.43,1,1
0,-360001,-2,-9.98,0,0
0,366114,-3,-0.9,0,1
0,-67957,0,2.84,0,0
0,16961,0,1.53,0,0
0,-168548,-1,2.73,1,1
0,642367,1,2.36,-1,1
0,14394,0,9.38,1,1
0,-21012,0,10.13,1,1
0,-60514,1,0.71,1,0
0,128649,1,-1.33,-1,1
0,276806,-2,3.39,0,0
0,-278869,0,-18.07,1,0
0,36349,0,-1.17,-1,1
0,393918,1,6.49,0,1
0,252034,0,0.22,0,1
0,319794,0,25,1,1
0,-33518,0,-0.63,0,1
0,-232080,0,15.06,0,1
0,1559350,0,-7.21,-1,1
0,2115544,0,3.86,0,1
0,2286097,0,-5.76,0,1
0,-113586,-3,-0.31,0,0
0,827196,0,24.37,1,1
0,641930,-2,28.73,1,0
0,1129625,0,-0.5,0,0
0,363797,-2,-6.44,0,0
0,1642767,1,-9.41,0,1
0,611748,-2,-0.44,-1,0
0,240361,2,0.21,0,1
0,358832,1,0.76,0,0
0,-40936,-1,-5.63,-1,0
0,809706,0,-2.43,-1,0
0,-161613,0,-0.77,-1,0
0,125336,0,-14.26,0,1
0,323943,0,15.3,-2,1
0,-410634,0,-0.63,-1,0
0,1325949,1,-0.71,-3,0
0,-2971153,0,3.22,0,0
0,303069,-1,-6.26,-2,0
0,-756176,0,1.8,3,0
0,100970,0,-5.01,0,1
0,-31316,0,1.58,1,0
0,53186,0,-1.06,-2,0
0,890320,0,5.86,0,0
0,34460,-1,-0.26,0,1
0,-1532263,0,0.28,1,0
0,129961,2,7.98,2,0
0,791666,3,3.22,1,0
0,219264,-2,1.67,0,0
0,1245398,0,-1.03,1,1
0,-1508333,0,-6.86,1,0
0,444241,-1,-1.77,-2,0
0,151569,-2,-1.42,0,1
0,2137756,2,-0.38,0,0
0,-192434,-2,-2.26,0,1
0,450218,0,-1.15,0,1
0,774638,0,8.87,0,0
0,-121366,3,-8.35,1,0
0,104197,0,21.7,1,0
0,-837560,0,-0.71,-1,1
0,-784508,0,-1.18,0,1
0,-285917,0,-1.36,0,0
0,151621,0,-1.4,0,0
0,159850,2,11.75,0,1
0,-1176095,1,-2.89,-1,0
0,41249,-2,-16,0,1
0,614836,2,-1.79,2,1
0,739225,0,-3.81,2,0
0,322611,-2,0.72,1,0
0,-525145,0,0.3,0,1
0,-54171,1,-1.42,0,1
0,-394534,0,0.79,1,1
0,-574049,0,18.88,0,0
0,330715,0,-14.07,-1,0
0,-492713,-1,-3.69,2,0
0,261488,0,-25.05,0,1
0,321322,-1,33.13,-1,1
0,650999,0,0.49,-2,1
0,1323090,-1,-0.87,-1,1
0,1828999,-1,-0.66,-1,0
0,810824,0,2.7,1,0
0,-670691,-1,4.32,1,1
0,20308,1,3.6,0,1
0,826183,-1,-8.55,1,0
0,-955148,-2,1.31,-1,1
0,-33518,0,-0.63,0,1
0,1444879,-1,2.13,0,0
0,104164,0,-8.98,0,1
0,1188736,0,-2.69,-1,1
0,521834,0,-29.65,-1,1
0,-175818,-1,-2.26,1,0
0,-157492,0,10.1,1,1
0,474094,0,-8.26,1,1
0,231084,0,0.41,-2,0
0,-1655991,2,0.09,3,1
0,-1786871,-3,-15.16,-2,0
0,-72,0,3.7,0,1
0,-123081,0,-20.17,-2,1
0,308628,-1,1.01,0,1
0,875439,-2,2.42,2,0
0,359632,1,-13.17,-2,1
0,-470389,0,6.35,2,1
0,570402,-1,-3.57,1,0
0,-3383366,1,-5.74,3,0
0,-145198,0,3.35,0,0
0,200163,1,-18.42,-2,1
0,827426,2,-6.25,-2,0
0,624784,1,0.78,0,1
0,-605209,0,4.44,2,0
0,-58608,0,-3.74,0,1
0,148380,0,1.69,0,0
0,595249,2,-1.55,0,0
0,-2528022,-2,6.31,1,0
0,-398756,-3,-1.51,1,1
0,3327557,0,2.53,1,0
0,554367,1,-21.98,-1,1
0,-38118,1,-0.06,1,1
0,-372036,0,-21.11,0,1
0,232004,1,-8.57,2,1
0,-1433572,-1,-24.24,-1,0
0,-576477,0,1.69,0,0
0,-295713,-1,-3.1,1,1
0,298281,-1,5.94,0,1
0,131902,-3,-1.78,1,0
0,2307195,0,-1.69,1,1
0,-999444,3,0.69,-1,1
0,-2097839,0,-9.34,1,0
0,-30589,0,9.06,-2,0
0,-710849,1,-2.73,0,1
0,-218165,0,-3.04,0,1
0,1126450,0,-2.95,-1,0
0,-767750,0,-6.76,-1,0
0,-872667,1,37.33,0,0
0,-748094,-1,6.47,1,1
0,-956252,3,-0.77,0,0
0,1079570,-1,-11.39,-1,1
0,84579,0,-6.62,-2,0
0,281133,2,1.79,0,0
0,2278615,0,-3.61,-2,0
0,-1661946,0,0.16,0,1
0,-1375,-1,-0.46,-1,1
0,-604759,-2,1.2,0,1
0,-917566,-1,-3.46,-1,1
0,-1125162,1,-2.51,0,0
0,3327557,0,2.53,0,0
0,1365445,-1,3.3,1,1
0,378896,0,-4.99,1,0
0,716783,-2,5.85,-1,0
0,-1017228,-2,-16.58,-1,0
0,1606471,2,1.72,-1,1
0,-713057,0,-7.61,1,0
0,95978,1,9.34,-1,1
0,-3119712,0,5.67,-1,0
0,-214467,-1,-3.58,0,1
0,536167,3,8.51,2,1
0,-680620,0,-9.77,1,0
0,-940856,0,0.18,-1,1
0,-1267632,-1,13.32,0,1
0,-664762,1,33.59,1,0
0,-947269,0,2.79,-2,0
0,-2123535,1,2.65,0,1
0,-463671,-1,-10.76,0,0
0,768140,0,-0.6,0,1
0,-338827,0,-10.53,-1,0
0,-308509,0,-6.71,2,0
0,-255859,2,-3.16,-2,0
0,-1238585,0,-5.19,-1,0
0,-388404,0,3.7,0,1
0,396497,-1,-0.12,1,0
0,-1586277,2,1.61,1,1
0,-325624,-2,1.68,-1,1
0,1413900,0,-1.59,-1,1
0,-57742,0,-5.78,1,1
0,-2047905,1,2.42,1,0
0,689561,-1,-1.19,2,1
0,-730540,1,13.72,0,1
0,-376060,2,4.71,1,0
0,573399,2,-2.2,-1,0
0,-328538,3,-2.08,0,0
0,-83410,-1,-1,0,1
0,3024878,2,2.84,1,1
0,-982818,0,2.35,0,0
0,450982,0,5.1,-1,0
0,413211,0,-18.05,-1,0
0,421558,2,-4.03,1,0
0,298737,0,2.64,0,1
0,-842693,0,-7.76,-1,1
0,1462815,2,-1.46,1,0
0,-33518,0,-0.63,0,1
0,1446676,1,2.26,0,0
0,-785033,1,3.9,0,0
0,321968,1,-0.63,-2,0
0,652123,1,-8.64,1,0
0,1054987,1,0.01,0,1
0,-344694,-1,-2.45,1,0
0,478400,1,7.32,0,1
0,-1198370,0,-4.32,0,0
0,562048,1,-1.41,0,1
0,223601,-2,2.71,0,0
0,-944629,0,0.92,2,0
0,-45437,2,-3.97,1,0
0,-496360,-2,-6.52,-1,0
0,-23888,0,1.17,1,1
0,-5887,0,4.09,1,0
0,-2796771,-1,-3.51,-1,1
0,-179298,-1,6.06,0,1
0,-1358467,0,-4.19,-1,1
0,-1319291,-1,-4.92,-3,0
0,1804167,0,3.86,-1,1
0,707017,1,16.8,2,0
0,200592,0,-0.49,0,1
0,3440547,0,-2.82,-1,0
0,218514,0,0.49,-1,0
0,-14684,0,1.61,-1,1
0,-365552,-1,-11.25,-1,0
0,-1407459,1,-2.86,0,0
0,367751,0,4.28,1,1
0,-16928,0,-23.66,-2,1
0,49130,0,-0.77,0,0
0,-387660,0,5.26,-1,1
0,134651,0,-0.05,0,0
0,-1215658,-1,2.3,-1,0
0,-603841,1,-0.8,-1,1
0,-302347,-1,-16.43,0,0
0,-990697,0,-1.74,0,1
0,158225,-1,-0.18,1,1
0,170720,-2,-7.18,1,1
0,-366782,2,2.03,1,0
0,700022,0,1.8,-1,0
0,1077341,-3,-0.69,0,0
0,170529,2,5.78,0,1
0,-825622,1,14.77,1,0
0,-2300920,1,0.87,2,0
0,717216,1,-3.73,0,1
0,-1073064,-1,4.92,1,1
0,-1233219,0,-0.04,-1,0
0,-171714,-1,0.93,-1,1
0,-162394,-1,4.23,1,0
0,-324459,2,-2.24,0,1
0,666303,-1,5.29,0,1
0,-46074,0,2.18,0,0
0,-308306,0,-10.2,2,0
0,190212,1,-4.81,1,0
0,-305431,2,19.3,0,1
0,-1027889,0,1.38,0,1
0,-1913429,0,-27,-2,0
0,-1663246,1,9.25,0,1
0,-1777113,0,1,0,1
0,-955148,-2,1.31,-1,1
0,1446676,-1,2.26,-1,0
0,104164,0,-8.98,0,1
0,-78535,0,10.61,1,1
0,1188736,0,-2.69,0,1
0,846977,-2,2.14,2,0
0,235007,1,1.15,2,1
0,-157492,0,10.1,1,1
0,474983,0,-8.26,1,1
0,-718954,-2,5.96,1,1
0,-1786871,-3,13.82,-1,0
0,68060,-1,0.13,0,1
0,-953615,-3,-13.54,1,1
0,507799,0,5.89,0,1
0,-121945,0,-20.17,-1,1
0,-470120,0,6.35,2,1
0,-44382,3,-7.42,0,1
0,570402,0,-3.52,1,0
0,200163,1,-18.42,-2,1
0,-903345,-2,0.69,-1,1
0,624784,0,0.78,0,1
0,-605209,0,4.12,2,0
0,-58608,0,-3.74,0,1
0,-159788,0,-2.89,0,0
0,148380,0,1.69,0,0
0,595249,1,-1.55,0,0
0,-2528277,-2,6.31,1,0
0,400033,1,1.12,-3,0
0,3327557,0,2.53,0,0
0,554367,1,-21.98,-1,1
0,-38118,1,-0.18,-1,1
0,232004,1,-8.83,1,1
0,1498525,2,4.17,0,1
0,-1433572,-1,-24.24,-1,0
0,-577588,0,1.78,0,0
0,131902,-3,-1.78,1,0
0,-999444,0,0.69,-1,1
0,-30589,0,9.06,-2,0
0,1126450,0,-2.95,-1,0
0,-767750,0,-6.76,-1,0
0,-129785,0,19.16,-1,0
0,104164,0,-8.98,0,1
0,235007,1,1.15,2,1
0,-157492,0,10.1,1,1
0,-2220561,1,-0.86,2,1
0,-208886,-1,-1.72,-1,0
0,-72,0,3.7,0,1
0,-243376,0,4.69,-2,0
0,334127,1,-6.45,-2,1
0,-139145,-2,-14.69,-1,1
0,875490,-2,2.37,2,0
0,255344,-1,0.89,-1,0
0,-5812,0,0.75,1,1
0,-903345,0,0.69,-1,1
0,-50523,-3,9.22,0,0
0,372686,1,-8.1,-1,1
0,147442,0,8.38,0,1
0,422834,0,-2.25,-1,0
0,-29478,0,9.06,-2,0
0,33170,0,12.13,0,0
0,-129785,0,19.16,-1,0
0,19919,0,15.18,1,1
0,146536,1,16.5,-1,1
0,1986666,1,7.77,-1,0
0,-155079,2,6.88,1,0
0,-128905,1,8.05,-1,0
0,240059,-2,16.61,0,0
0,-831970,0,15.38,-1,1
0,132081,-1,17.09,2,1
0,-319967,0,-1.14,1,1
0,215648,1,-0.05,0,1
0,-69891,2,1.22,0,0
0,-110626,-1,-5.62,1,1
0,326265,0,1.31,1,0
0,-553905,0,6.47,1,0
0,-246272,3,4.33,0,0
0,-145103,-1,-12.31,-1,1
0,-94804,0,4.24,0,1
0,-161554,1,15.25,-1,0
0,49590,0,18.71,1,0
0,-86365,1,-7.47,1,1
0,733803,2,6.67,0,0
0,-223763,0,3.07,0,1
0,2560,-2,1.61,2,1
0,-1345939,0,12.79,0,0
0,670015,0,-8.85,1,1
0,-404365,2,25.57,-1,1
0,229037,1,-17.65,1,1
0,-155079,2,6.88,1,0
0,-160402,0,-1.49,1,0
0,1180880,-3,-0.61,1,1
0,240059,-1,16.61,0,0
0,-162889,0,0.28,0,0
0,61162,1,-9.17,0,1
0,377450,1,4.11,-1,1
0,615530,0,-1.03,1,1
0,21715,0,-6.44,1,1
0,-831970,0,15.38,-1,1
0,613347,1,3.43,1,1
0,-114718,-2,-5.66,-1,0
0,155271,0,-21.09,0,0
0,426902,0,-10.33,1,0
0,-424252,-1,5.01,0,1
0,435557,1,8.82,1,1
0,132081,-1,34.87,2,1
0,-94804,0,0.21,1,1
0,-70641,1,0.91,-1,0
0,-52792,0,1.72,0,0
0,-571715,1,-1.18,0,0
0,-690331,1,2.76,1,0
0,-169447,-1,-3.85,-1,1
0,293550,-1,-4.38,-2,0
0,-152580,-3,-8.36,-1,0
0,-2402531,1,-12.96,0,1
0,-208115,0,10.7,0,1
0,738301,0,-5.87,1,1
0,-77795,1,8,-1,0
0,-64175,-1,29.76,0,0
0,69479,0,-2.84,-1,1
0,277200,2,1.38,0,0
0,636316,2,-4.66,0,1
0,38342,1,6.04,0,0
0,50485,0,-13.96,-1,1
0,-859270,-1,-2.91,-1,1
0,111858,0,22.54,1,1
0,-3485,0,0.12,1,0
0,326434,2,-10.33,0,1
0,355958,-1,1.04,0,0
0,113934,-2,-0.03,1,1
0,883944,-1,-5.86,0,1
0,-352209,-2,3.25,1,1
0,-365894,-2,-2.85,1,0
0,280063,-2,-1.54,0,0
0,-2453,0,6.3,0,1
0,-680342,0,-10.05,1,0
0,-27164,-1,0.86,0,1
0,-939154,-2,12.7,0,0
0,-230822,0,-12.77,-2,0
0,-259515,1,1.55,2,0
0,-536764,-2,26.43,-1,1
0,881411,0,2.27,0,1
0,-1037460,-2,-3.92,0,1
0,427305,2,9.81,0,0
0,-358096,-1,-3.96,0,0
0,-433451,0,-4.07,1,1
0,-1406,-2,14.71,0,1
0,-79075,-1,-11.06,0,0
0,2772343,2,15.17,-1,0
0,178173,0,-11.32,0,1
0,406728,1,-9.74,-2,1
0,172886,-1,2.5,0,1
0,271195,0,-9.23,-2,1
0,157654,0,20.88,-1,1
0,49509,-1,-4.89,4,0
0,-380088,0,-0.88,-1,0
0,32936,-1,32.89,0,1
0,100552,-2,-1.28,0,1
0,-856339,0,0.7,0,1
0,-113683,-2,4.46,0,1
0,406422,0,-9.61,0,0
0,859264,0,-2.19,1,0
0,779432,0,-2.45,0,1
0,767068,0,1.3,0,1
0,13138,-1,3.05,0,1
0,351888,0,8.21,-1,0
0,-81736,1,-10.25,0,1
0,-3290320,0,-1.39,-1,0
0,965861,-2,-6.7,0,0
0,-155106,-1,-6.22,0,1
0,1276673,1,-12.02,-1,1
0,195820,0,21.11,1,0
0,493328,1,-2.6,1,1
0,343631,0,10.84,0,1
0,453348,0,-2.38,-1,0
0,-260400,-1,9.04,1,1
0,-2453,0,6.3,0,1
0,755959,0,-1.56,0,1
0,603648,1,-7.51,1,1
0,-141969,1,4.5,1,0
0,155580,2,2.57,-2,0
0,-195607,2,13.13,1,1
0,673871,-3,-10.45,-1,0
0,42220,0,2.56,-1,1
0,739242,-1,-2.54,-1,0
0,584018,0,-2.49,-2,0
0,-230822,0,-12.77,-2,0
0,-259515,1,-2.46,2,0
0,-392918,0,11.13,2,0
0,-536764,-2,26.43,-1,1
0,881411,0,-5.48,0,1
0,-1037460,-2,-3.21,0,1
0,-358096,-1,-10.55,0,0
0,201896,2,1.32,0,0
0,81263,2,0.44,1,0
0,-8577,0,-13.89,0,0
0,-314729,-1,0.25,1,0
0,-321474,-2,-5,0,1
0,-36415,-1,-4.93,1,1
0,-1406,-2,14.71,0,1
0,943438,0,-15.44,0,0
0,-387053,-1,12.24,2,1
0,-176862,0,2.94,1,0
0,-469448,0,-1.93,0,1
0,-141299,0,-3.5,0,0
0,993380,0,3.6,0,1
0,-378995,-2,-1.51,1,0
0,-171126,0,1.56,1,0
0,-269269,1,9.42,0,0
0,-454352,1,-1.69,-2,1
0,-79075,-1,-11.06,0,0
0,-918181,-1,-2.63,0,0
0,231059,2,-14.48,-2,1
0,206511,0,1.3,0,0
0,-429704,-1,-3.89,1,1
0,566556,-1,-1.5,0,1
0,46740,0,18.82,1,1
0,-495649,0,16.35,1,1
0,-71106,0,-5.76,0,0
0,413064,1,5.46,-2,1
0,58463,0,-0.1,0,0
0,448011,0,-8.57,0,0
0,1251093,0,16.7,0,1
0,981033,-1,7.06,1,0
0,270098,0,6.87,0,1
0,-641770,1,6.3,1,1
0,-1524390,0,-4.39,-1,0
0,-383817,2,-9.65,0,0
0,39615,-2,8.79,3,1
0,283279,0,-4.84,1,0
0,-2399309,2,-24.24,-1,0
0,-2531982,2,8.58,0,1
0,-27243,1,-18.48,-1,0
0,-159690,-1,2.7,0,1
0,1261377,1,-1.06,0,1
0,-692961,1,-1.93,0,0
0,42534,-1,10.99,-1,1
0,-213269,-1,17.74,0,1
0,78931,0,-1.93,0,0
0,-21502,-1,4.89,0,1
0,192805,-1,25.93,0,1
0,185567,2,-8.46,0,0
0,-148549,-1,0.93,0,1
0,519079,-1,-4.82,0,1
0,-2858131,-2,2.47,-1,1
0,-418459,-2,-1.75,1,0
0,207313,0,1.29,-1,1
0,-88079,-2,-0.21,-1,0
0,8795,0,24.93,1,1
0,3196,0,6.03,1,1
0,-197734,0,8.73,-2,0
0,-1175476,1,20.76,0,1
0,164786,1,-23.37,-1,0
0,-464186,-1,10.89,0,1
0,-94701,0,-29.41,0,0
0,36685,-1,-7.07,0,0
0,-70660,0,-9.05,-1,1
0,-223154,0,-3.06,2,0
0,721650,-1,-9.89,1,0
0,20144,0,7.14,2,1
0,28403,0,14.74,-1,0
0,-269077,0,9.49,0,1
0,-196285,-2,0.81,1,1
0,115433,-1,-1.69,-1,1
0,116797,0,-21.82,0,1
0,228240,0,-0.82,-2,0
0,1181320,0,12.08,3,1
0,478081,1,-17.83,-1,0
0,212420,0,-7.83,0,0
0,-232571,0,-3.11,-2,0
0,-112619,-1,9.25,0,0
0,-63698,0,9.45,0,1
0,61447,-1,-15.46,-1,1
0,77497,0,-0.18,0,1
0,720387,0,-5.97,0,1
0,-532701,1,-2.3,-1,1
0,7358,0,-0.18,0,1
0,-183525,1,-7.67,0,0
0,606346,-1,19.26,1,0
0,150206,0,-3.5,-1,0
0,144896,0,-1.83,0,1
0,323842,0,1.41,-1,0
0,-786806,-2,-1.42,0,0
0,788327,2,8.93,1,1
0,-252942,-1,12.01,0,0
0,408469,0,0.96,1,1
0,-327781,0,-11.83,0,0
0,155850,0,5.49,1,1
0,-214151,1,11.54,0,0
0,-102231,0,-2.36,2,0
0,-42567,0,4.76,1,1
0,-34296,1,9.7,1,1
0,84647,-3,2.74,-1,0
0,179868,1,15.58,0,1
0,-57901,2,26.67,1,0
0,147897,0,1.08,1,1
0,-116626,0,-1.47,0,1
0,-304,0,-3.97,-1,0
0,130188,1,6.05,0,1
0,790561,1,-21.11,1,1
0,-428501,0,12.37,0,1
0,84647,-3,2.74,-2,0
0,-3922,0,-16.75,0,1
0,-6631,2,-0.11,-1,1
0,596816,-1,26.05,1,0
0,66231,1,-3.24,2,1
0,-305696,-1,-0.71,2,1
0,-514397,2,16.05,2,1
0,-1177128,-1,-2.86,0,1
0,-636038,2,2.5,-1,1
0,-410755,0,2.32,0,1
0,-163858,2,-5.29,2,1
0,312038,-1,-8.75,0,0
0,542008,1,2.49,3,1
0,2198229,0,-11.03,-1,1
0,236692,1,15,1,1
0,766322,-2,23.48,-1,1
0,-168257,3,3.14,-1,0
0,595998,0,24.24,2,0
0,-141256,-1,7.49,-1,1
0,-233488,1,-4.93,0,0
0,104164,0,-8.98,0,1
0,439280,0,-1.67,2,1
0,-77577,-3,-0.61,1,1
0,175388,-2,-15.68,1,0
0,-314815,-2,0.86,-1,0
0,-518523,0,-8.84,2,1
0,-31163,-1,5.5,-1,0
0,306618,0,1.41,-1,1
0,579827,-1,-2.86,-1,1
0,15329,2,3.3,0,0
0,-936373,0,-2.86,1,0
0,578124,1,5.95,0,1
0,-1222351,2,17.64,1,1
0,349901,1,-8.27,0,0
0,545748,0,-6.4,-2,1
0,109405,0,-9.18,1,1
0,120434,0,6.23,1,1
0,-65865,0,-8.29,-2,1
0,-11042,0,12.36,0,0
0,-89613,-1,9.28,-1,0
0,228903,2,-9.35,1,0
0,799138,-2,5.52,2,1
0,-4083,0,-0.88,-1,0
0,-33518,0,-0.63,-1,1
0,1447987,-1,2.25,-1,0
0,1191464,0,-2.69,1,1
0,521834,0,-2.32,0,1
0,846977,-2,2.14,2,0
0,235007,1,1.15,2,1
0,-718666,-2,5.96,0,1
0,-1656246,2,0.09,2,1
0,68060,-1,0.13,1,1
0,-72,0,-1.85,0,1
0,308628,-1,1.01,0,1
0,-44382,3,-32.05,1,1
0,-3384370,1,-5.74,2,0
0,-144398,0,3.35,0,0
0,200163,1,-18.42,-2,1
0,827426,2,-6.25,-2,0
0,-903345,-2,0.69,-1,1
0,624784,1,0.78,0,1
0,318872,1,0.37,3,1
0,-159788,0,-2.89,0,0
0,148380,0,1.69,0,0
0,595249,1,-1.55,1,0
0,-2528277,-2,6.31,0,0
0,400033,1,1.12,-2,0
0,-398756,-3,-1.51,1,1
0,3327557,0,-9.29,0,0
0,554367,1,-21.98,-1,1
0,971663,1,4.34,1,1
0,-372036,0,-21.11,0,1
0,232004,1,-8.83,1,1
0,-1435054,-1,-24.24,0,0
0,1467183,1,-17.37,1,1
0,-294149,-1,-2.85,2,1
0,147442,0,8.38,0,1
0,131902,-3,-1.78,0,0
0,1469394,1,0.68,0,0
0,2307195,0,-1.69,1,1
0,422834,0,-6.84,0,0
0,-29478,0,-1.46,-2,0
0,-710849,1,-2.73,0,1
0,-218165,0,-3.04,0,1
0,33170,3,12.13,1,0
0,104164,0,-8.98,-1,1
0,-157492,0,21.62,1,1
0,-209840,0,-1.16,-1,0
0,-72,0,-1.85,-1,1
0,-243376,0,20.54,-2,0
0,334127,0,-4.69,-2,1
0,875490,-2,2.37,2,0
0,31874,1,-11.11,-1,0
0,-5812,0,3.68,2,1
0,-144398,1,3.35,0,0
0,827426,2,-6.25,-2,0
0,-903345,-2,0.69,-1,1
0,-131750,1,1.86,-1,1
0,-50523,-3,5.01,0,0
0,372686,1,-12.85,-2,1
0,147442,0,8.38,0,1
0,422834,0,-6.84,0,0
0,-2097839,0,-23.96,1,0
0,-29478,0,-1.46,-2,0
0,-767750,0,-6.76,-2,0
0,19919,0,15.18,1,1
0,146536,1,-13.8,-1,1
0,1986666,1,7.77,-1,0
0,343352,0,-5.26,-1,1
0,-230193,3,0.63,0,0
0,-519698,-1,9.16,0,0
0,-43042,0,-11.82,1,1
0,406095,0,-18.77,0,0
0,406271,1,8.6,0,1
0,-94812,-1,-9.08,2,1
0,-256603,1,-20.59,-1,1
0,-28519,0,7.5,0,1
0,14272,0,18.68,-2,1
0,-18011,0,-0.56,1,0
0,513181,1,0.35,0,0
0,298930,1,5.35,-1,0
0,-13748,0,3.57,0,1
0,200559,0,14.25,-1,1
0,-463091,0,-5.07,0,1
0,57725,-1,-6.73,0,0
0,-902841,1,-2.5,1,1
0,-692917,-2,0.1,1,0
0,-175233,-3,4.74,-1,1
0,910161,0,-3.37,0,1
0,-33909,0,11.19,2,1
0,619620,0,-6.97,0,0
0,154499,-1,4.26,1,1
0,-89005,0,-8.81,-1,0
0,-1418421,2,0.12,1,1
0,-657291,1,19.48,0,0
0,-131675,0,8.38,0,0
0,368873,-1,-4.6,2,0
0,102522,-1,-24.47,1,1
0,-258963,0,-1.99,0,0
0,1048485,-1,18.22,-1,1
0,-20207,0,-0.92,-1,1
0,-284076,-3,12.37,-2,1
0,-1805925,0,-18.5,-1,0
0,318234,-1,3.43,-2,0
0,-273540,2,-2.38,-1,0
0,20204,1,-6.59,0,0
0,43949,-3,4.08,-1,1
0,334066,-2,0.6,0,0
0,-107417,-1,2.38,1,0
0,135627,-1,10.55,1,1
0,489607,0,4.94,3,1
0,426258,-1,-2.52,-1,1
0,573899,-2,4.87,1,1
0,150000,1,-17.89,-1,1
0,-80189,1,2.9,0,1
0,70886,-1,-4.81,0,0
0,1378232,-2,8.15,-1,1
0,-288458,0,5.95,-1,1
0,680313,0,9.24,-1,1
0,-1084014,1,-12.78,1,0
0,-504453,1,1.06,1,0
0,-934178,2,-22.22,0,1
0,287519,0,-1.44,0,0
0,98690,0,-3.43,-2,1
0,31870,0,-2.55,0,1
0,1178836,0,-12.75,0,1
0,77248,-1,16.67,-1,1
0,392063,0,19.52,0,0
0,-845427,0,-10.02,-1,0
0,-260231,2,-4.82,0,0
0,-185377,0,11.66,1,0
0,117178,-1,-16.08,1,1
0,-70788,-1,-3.03,0,1
0,-35001,1,-16.67,0,0
0,-822583,0,-3.49,1,1
0,292119,0,1.89,0,0
0,42552,2,22.22,0,0
0,119396,0,-3.7,1,0
0,125372,0,-5.27,0,1
0,-1316477,-1,17.82,0,1
0,-979037,1,1.85,1,1
0,31870,0,-2.55,0,1
0,1224903,1,4.28,0,0
0,440108,1,-8.26,-1,0
0,128191,0,6.36,1,1
0,429226,-1,2.65,0,1
0,9350,0,5.89,2,0
0,-24955,1,40.75,-1,1
0,-596350,3,-7.14,-1,0
0,1020959,3,2.24,1,0
0,-5026,0,-18.94,1,0
0,-126041,-1,-13.52,0,0
0,285911,1,10.22,0,1
0,-999750,0,-30.44,-1,0
0,1606232,2,-15.69,-1,1
0,-342324,-1,20.87,2,0
0,-281944,-1,-4.07,0,0
0,52311,-1,5.92,0,0
0,-490885,0,0.46,-1,1
0,-387158,1,-3.47,-1,1
0,183461,0,-1.13,0,1
0,124758,2,-1.06,1,0
0,77248,-1,16.67,1,1
0,-322126,0,-3.6,0,0
0,-807898,-1,-4.12,-2,0
0,-581032,-1,0.65,0,1
0,7603,0,-7.5,-3,1
0,118803,-1,12.95,0,1
0,-1390224,0,5.53,2,0
0,167597,0,-10.25,1,1
0,740785,0,-2.92,2,0
0,-946712,-1,-1.84,-1,0
0,325258,-1,-0.5,-1,0
0,-224172,0,-5.99,-1,0
0,-270007,-1,-4.52,0,0
0,-297664,0,-15.7,1,1
0,-185104,0,-0.89,-1,0
0,-143141,0,-1.59,0,1
0,363431,-1,-9.7,1,1
0,-101232,-1,7.72,1,1
0,-1464143,0,-14.14,-1,0
0,338835,0,1.76,0,0
0,646493,-1,1.42,-1,0
0,-813831,1,14.86,2,0
0,-208182,-1,17.48,-2,1
0,323119,1,-2.76,0,1
0,332878,2,5.33,1,1
0,-1422797,0,13.61,-1,1
0,-1334555,1,8.33,-2,0
0,-181562,-1,-2.46,0,0
0,789409,0,2.47,0,1
0,-1483833,0,3.97,-1,0
0,-235914,0,-5.44,-2,0
0,2188977,0,-4.61,0,0
0,-69153,2,2.27,0,1
0,798274,3,0.84,0,1
0,282940,-2,-6.58,1,1
0,-1469914,0,2.77,0,0
0,-440237,-1,-14.97,1,0
0,-659347,-1,-2.44,-1,0
0,9146,1,4.01,0,0
0,316430,-1,-1.29,0,1
0,-1653400,1,-16.73,0,0
0,-988719,-2,-3.42,-1,1
0,604606,-2,2.74,0,0
0,-377130,0,-4.32,0,1
0,-26667,0,-11.78,1,0
0,338628,0,-1.5,-1,1
0,-2189031,1,-27.74,-1,1
0,206974,2,-4.62,0,1
0,-362869,0,0.89,0,1
0,-95846,1,6.7,1,1
0,1497011,2,-13.58,-1,1
0,1300850,0,-1.38,0,1
0,-1928884,0,6.04,0,0
0,-1234925,0,-6.07,1,1
0,-187599,0,4.48,1,1
0,-345441,1,4.99,0,0
0,-20351,0,-4.83,0,0
0,-954078,-2,1.31,0,1
0,1447987,-1,2.25,-1,0
0,104164,0,-11.18,0,1
0,1190449,0,-2.86,1,1
0,521834,0,-29.56,-1,1
0,-175137,-1,-2.33,2,0
0,-157492,0,21.62,1,1
0,-718526,-2,5.96,0,1
0,-1657213,2,0.09,2,1
0,-1787799,-3,-15.16,-2,0
0,-954206,-3,-13.54,0,1
0,-72,0,-1.85,0,1
0,507961,1,6.09,-1,1
0,-120745,0,-20.17,-2,1
0,307348,-1,0.81,0,1
0,875490,-2,2.32,2,0
0,-440060,-1,-3.38,-1,1
0,-470120,0,6.63,2,1
0,-44382,3,-32.05,1,1
0,571273,-1,-3.52,1,0
0,-3384511,2,-5.74,2,0
0,200163,1,-18.42,-2,1
0,827426,2,-6.25,-2,0
0,-903345,-2,0.69,-1,1
0,624784,1,0.78,0,1
0,-605209,0,4.12,1,0
0,148380,0,1.58,0,0
0,-2528277,0,6.31,0,0
0,-397567,0,-1.51,0,1
0,554367,1,-21.98,0,1
0,971663,1,4.15,1,1
0,-38118,2,-0.18,-2,1
0,-373853,0,5.24,0,1
0,1497621,2,4.41,2,1
0,-577760,0,1.78,-1,0
0,-293961,-1,-3.67,1,1
0,147442,0,9.47,1,1
0,132979,0,-1.78,0,0
0,1471666,1,0.6,0,0
0,-999444,0,0.69,-1,1
0,422834,0,-6.84,0,0
0,-710849,1,-2.73,1,1
0,1126450,0,-2.95,-1,0
0,-766923,0,-6.76,-2,0
0,235007,1,1.15,2,1
0,-209828,0,-1.16,-1,0
0,-72,0,-1.85,-1,1
0,-243376,0,20.54,-2,0
0,332883,1,-4.98,-2,1
0,-139145,-2,6.26,0,1
0,875490,-2,2.27,2,0
0,255344,0,0.89,1,0
0,31874,1,-11.11,-1,0
0,-5812,0,3.68,2,1
0,-144398,0,3.35,0,0
0,-131750,1,1.86,-1,1
0,147442,1,9.47,1,1
0,-2097839,0,-23.96,1,0
0,-29478,0,-1.46,-2,0
0,33170,3,-15.18,0,0
0,-766923,0,-6.76,-2,0
0,-129785,0,19.16,-1,0
0,146536,0,-13.8,-1,1
0,-78535,0,10.61,0,1
0,-838109,0,-41.43,-1,0
0,2184799,3,17.35,0,1
0,-2048236,-2,-22.9,0,0
0,125970,0,-3.59,-1,1
0,-1566383,1,-4.18,1,1
0,1937599,0,3.71,0,0
0,107104,2,-1.28,1,0
0,-184739,-3,15.97,0,0
0,47190,-2,1.55,0,0
0,-1425290,0,5.7,0,0
0,-2269812,1,1.7,1,0
0,-1405719,0,6.74,-1,0
0,-162975,0,20.36,-1,1
0,58185,-1,5.06,-1,0
0,-20086,0,-7.75,1,0
0,823807,1,2.65,-1,0
0,1346190,0,2.61,-1,1
0,-1614153,2,0.22,1,1
0,-227999,2,2.67,-2,0
0,101748,-1,1.48,-1,0
0,97864,0,-1.25,0,0
0,-178404,-1,-3.06,-1,1
0,-78535,1,-4.46,0,1
0,1522849,0,-14.95,0,1
0,-374592,-1,9.65,-1,1
0,1773672,-3,-3,0,1
0,-838109,0,-41.43,-1,0
0,2286528,0,-0.59,0,0
0,-1566383,1,-4.18,2,1
0,2332739,1,-27.73,-1,1
0,288990,0,0.73,-1,0
0,2086968,2,3.71,1,1
0,-1425290,0,5.7,0,0
0,-2270700,1,1.7,1,0
0,-2265278,3,-4.13,0,1
0,8718,1,5.83,0,0
0,2108453,0,-9.63,0,0
0,-162975,0,20.36,-1,1
0,-1615041,2,0.22,1,1
0,-570041,1,16.57,0,0
0,-585855,-2,3.8,2,1
0,-430998,-2,-12.34,-1,1
0,206000,0,0.96,0,0
0,1209755,1,0.32,-1,1
0,16687,0,-6.7,0,1
0,1327186,1,0.86,-1,1
0,430546,3,-6.92,-2,0
0,965696,0,-0.5,0,0
0,1190257,0,-2.99,2,1
0,-238326,-1,-3.53,-1,1
0,-1345849,-2,-2.8,-2,0
0,-959366,1,-6.36,0,0
0,1759510,0,-5.12,0,1
0,-1508920,0,10.2,2,1
0,255742,2,-11.2,0,1
0,-154324,0,7.59,-1,0
0,464696,0,-4.19,-1,0
0,-9743,1,0,0,0
0,2925653,2,2.74,1,1
0,197536,1,0.62,1,1
0,-62720,0,-1.29,1,1
0,340908,2,3.56,-1,1
0,228233,3,-0.97,-1,0
0,166143,0,-1.3,-2,0
0,1442266,1,-2.22,-1,1
0,237072,0,0.98,0,1
0,317631,0,4.45,1,1
0,98102,0,4.31,-2,1
0,-526409,0,-4.31,-1,0
0,103902,0,-8.23,-3,1
0,-1387893,-2,0.24,1,0
0,1481858,2,-5.23,-2,1
0,426989,0,-2.92,0,1
0,1049552,0,0.11,-1,0
0,541017,0,6,-1,0
0,463154,3,-0.41,-1,0
0,-42703,0,-1.82,-1,1
0,-1907764,-3,2.31,2,0
0,-1938862,0,-4.57,2,0
0,1408746,2,2.03,-1,0
0,-727489,-1,-4.84,-3,0
0,180497,0,2.24,1,0
0,-402837,1,-0.53,0,1
0,-170472,0,15.19,1,0
0,-105755,0,-0.06,0,0
0,-221716,0,26.56,0,0
0,492301,0,-1.03,-1,0
0,-268647,-1,-3.71,0,1
0,919693,1,-3.25,1,1
0,-259224,0,7,0,0
0,-196909,-2,5.55,1,1
0,-197700,1,1.61,-1,1
0,-64668,0,-1.96,2,1
0,56574,1,-5.43,0,1
0,387629,-1,1.19,-2,0
0,1435234,2,10.95,1,1
0,333082,1,1.56,-1,1
0,-45437,1,-1.8,0,0
0,-833721,-1,-5.3,-1,0
0,479841,0,-1.92,2,0
0,105963,1,0.67,-1,0
0,1867700,1,-3.83,2,1
0,-111619,0,0.49,1,0
0,182496,0,-2.83,-2,0
0,1362618,0,-5.04,0,0
0,-1547315,0,-1.47,-2,0
0,1327186,1,-22.65,0,1
0,429588,0,-6.92,-2,0
0,-15149,0,-0.18,-1,1
0,-59543,0,2.55,1,0
0,294147,1,-10.06,-2,0
0,-499460,0,0.22,2,0
0,326242,-2,2.15,-1,1
0,2378829,0,-0.42,0,1
0,-295528,0,1.09,1,1
0,561907,-1,-0.49,-1,0
0,-1758264,-2,-0.65,-2,0
0,-3310818,-1,1.38,0,1
0,-283515,0,-6.39,0,1
0,-1050275,-2,-8.08,0,0
0,357506,1,-13.09,-2,1
0,-198790,2,-1.36,0,1
0,-1238829,-1,2.74,1,1
0,-258026,-2,0.73,-2,0
0,114977,-1,4.38,0,0
0,-1013659,0,-6.17,0,0
0,-978995,2,-1.1,0,1
0,2925653,2,2.59,1,1
0,197536,-2,0.62,2,1
0,-63611,0,-1.24,1,1
0,-561047,-1,-8.5,0,1
0,1951428,1,-0.33,-1,0
0,316755,2,29.97,0,1
0,166143,0,-1.3,-2,0
0,1442266,1,-2.22,-1,1
0,-334293,0,2.03,1,1
0,376700,-2,-4.72,0,1
0,-190548,0,-3.81,-1,1
0,415393,-2,-2.51,0,1
0,-883007,-1,0.39,0,0
0,673976,0,14,-2,0
0,-115726,2,-1.14,-1,0
0,1563813,1,-2.13,0,0
0,2391580,0,6.34,0,0
0,1408746,2,2.03,-1,0
0,463443,1,-1.24,2,1
0,-382939,-1,25.07,0,0
0,-105755,0,0.06,1,0
0,-572139,0,5.25,-1,1
0,-218165,0,-3.04,0,1
0,476860,-1,0.62,0,0
0,679560,-1,1.32,0,1
0,1012589,1,-16.19,-1,1
0,-174881,0,1.53,2,0
0,-2260818,0,-1.55,1,0
0,-833721,-1,-5.3,-1,0
0,1867700,3,-3.83,2,1
0,-525160,-1,-2.22,0,0
0,-146386,2,-0.26,0,0
0,512409,-2,-4.76,-1,1
0,1781462,2,-1.81,-1,0
0,-423642,-3,0.44,-2,0
0,540476,1,-1.34,-1,0
0,35068,0,0.39,-1,0
0,1521098,0,-4.12,-1,0
0,-17381,-1,2.1,-1,1
0,-1354439,0,-26.81,-1,0
0,116558,2,-5.27,-2,1
0,-37213,0,0.87,1,0
0,924964,0,-2.32,-1,0
0,-455059,1,-3.22,-1,0
0,-432051,1,-7.04,-1,0
0,25124,0,3.98,-1,1
0,-184104,-1,5.59,1,0
0,63525,0,-13.78,0,0
0,-26428,-2,-0.43,0,0
0,214876,3,-3.72,-1,1
0,76670,0,-3.62,0,0
0,-382085,0,2.38,1,0
0,67216,-1,3.98,0,0
0,-384438,1,-1.66,0,1
0,-482477,1,0.24,-1,0
0,137806,1,-3.01,0,1
0,-20375,-1,3.28,0,1
0,-153438,-2,1.28,0,1
0,20990,-2,-6.64,0,0
0,138696,0,-1.74,0,1
0,32542,0,-5.24,-1,1
0,118771,-3,-10.67,-1,0
0,181355,2,-5.45,1,1
0,-254550,-3,8.33,2,1
0,-30938,-1,-5.86,0,1
0,-238405,-1,-7.67,1,0
0,398506,-1,4.51,-1,1
0,-1626208,-3,3.97,0,0
0,-123837,0,-2.65,0,0
0,108072,1,-4.06,-1,0
0,244546,1,10.15,0,0
0,456320,0,-7.49,0,0
0,136241,-1,-7.49,0,1
0,-102665,-1,35.08,2,1
0,-133733,-2,-2.29,-2,0
0,101032,-2,2.97,0,1
0,-1404965,-2,-14.34,-1,0
0,-310087,0,-4.58,-1,0
0,114424,0,22.89,-1,0
0,568230,2,7.27,0,0
0,325134,-1,-3.94,0,0
0,204504,0,-1.13,0,1
0,608629,2,2.05,0,0
0,-631769,2,-3.78,0,0
0,-188180,0,3.77,0,1
0,495245,0,5.73,-1,1
0,389514,1,1.32,-1,0
0,-474801,1,-3.68,0,0
0,-12889,2,17.69,-1,0
0,-154938,0,5.68,1,0
0,-33518,0,-0.79,-1,1
0,1447987,-1,2.26,-1,0
0,1190239,0,-3.15,1,1
0,-174050,-1,-2.28,0,0
0,847163,-2,2.36,1,0
0,235007,1,1.15,2,1
0,-157492,0,21.62,1,1
0,-718526,-2,6.02,-1,1
0,229987,0,0.51,-2,0
0,-1657136,2,0.06,2,1
0,68804,-1,0.13,1,1
0,-955326,-3,-13.54,1,1
0,507086,0,6.19,-2,1
0,-120745,0,-5.1,-1,1
0,357506,1,-13.22,-2,1
0,-467697,0,6.72,2,1
0,-43613,3,-32.05,1,1
0,568929,-1,-3.52,0,0
0,-144398,0,3.35,0,0
0,200163,1,-18.42,-2,1
0,827426,2,-6.25,-2,0
0,-605496,0,4.23,-1,0
0,-57448,0,-3.74,0,1
0,-159788,0,-2.56,0,0
0,148224,0,1.46,1,0
0,-2527455,-2,6.31,0,0
0,399158,1,1.05,1,0
0,3332395,0,-8.85,0,0
0,554367,1,-19.36,0,1
0,972746,1,4.85,0,1
0,-375130,0,5.16,0,1
0,-1436126,-1,4.74,1,0
0,1467183,1,-17.7,-2,1
0,-293789,-1,-3.92,1,1
0,147442,0,9.47,1,1
0,134095,-3,-1.78,0,0
0,1471666,1,0.52,-1,0
0,2307012,0,-1.58,0,1
0,422627,0,-6.84,0,0
0,-29478,0,-1.46,-2,0
0,-710849,1,-2.73,0,1
0,-218165,0,-3.04,0,1
0,33170,3,-15.18,0,0
0,-129785,0,19.16,-1,0
0,-78535,0,-4.46,0,1
0,235007,1,1.15,2,1
0,-156910,0,21.62,1,1
0,-2225578,1,-0.86,2,1
0,-209787,-1,-1.16,-1,0
0,-72,0,-1.85,0,1
0,-139145,-2,15.7,-1,1
0,255643,-1,0.89,1,0
0,-144398,0,3.35,0,0
0,200163,1,-18.42,-2,1
0,827426,2,-6.25,-2,0
0,-131750,1,1.86,-1,1
0,111906,0,-26.79,0,0
0,-308554,-1,-8.18,1,0
0,374550,1,-8.1,-1,1
0,147442,0,9.47,1,1
0,-2097839,0,-23.96,0,0
0,-29478,0,-1.46,-2,0
0,33170,3,12.13,1,0
0,-766923,0,-6.25,-2,0
0,19919,0,15.18,1,1
0,1986666,1,7.77,-1,0
0,245791,2,6.33,0,1
0,-1329261,0,-13.33,-1,0
0,-278957,0,-3.01,-1,1
0,-30043,-1,-1.79,0,1
0,-148027,0,11.95,2,0
0,-407751,1,1.61,1,0
0,-1604866,-1,-1.45,0,0
0,-703649,0,-2.19,0,1
0,-57953,-2,-6.76,-1,0
0,-253235,2,12.65,-1,1
0,-1185127,-1,-10.51,0,1
0,-191147,4,18.82,2,1
0,885524,1,1.97,-1,1
0,113707,3,-1.01,1,1
0,423094,1,-6.09,-1,0
0,-453158,0,-15.02,0,0
0,-146437,1,-4.87,1,0
0,285046,-1,-0.8,0,0
0,23413,2,-2.42,0,0
0,-798787,0,11.88,0,1
0,382968,0,7.88,-1,1
0,1255403,1,1.71,-1,1
0,1078926,-1,14.25,1,1
0,-104413,2,6.82,0,1
0,283639,2,-5.15,0,1
0,-1551407,3,0.17,1,1
0,-4569,0,-16.67,1,0
0,-114922,1,-11.03,0,0
0,-534865,0,0.77,2,1
0,-86217,3,-3.43,0,1
0,-1028403,0,-27.74,0,1
0,-278957,0,-3.01,-1,1
0,-218321,3,-4.49,0,1
0,-484496,0,1.31,1,0
0,-823435,2,10.62,1,0
0,1496125,-1,-3.2,0,1
0,-10219,0,6.27,1,0
0,41919,-2,-3.47,0,1
0,-861021,0,12.27,1,0
0,-77902,-1,-6.05,0,0
0,-642582,2,1.72,0,0
0,-6419,1,3.63,0,1
0,699827,-1,2.43,0,0
0,-558552,0,-3.06,-2,1
0,453852,2,4.46,-1,0
0,1237431,0,-2.83,0,1
0,185593,-1,-29.05,1,0
0,1024484,-2,0.62,0,1
0,-43573,0,0.02,0,1
0,-1061641,-1,-1.81,0,0
0,1568488,-1,-15.23,0,1
0,-224696,0,3.46,-1,1
0,70245,0,22.8,0,0
0,-189716,0,1.19,1,0
0,23943,0,-13.92,0,0
0,1093763,3,-1.96,0,0
0,32380,-1,-6.53,1,1
0,29383,2,12.96,2,0
0,100376,-1,18.57,0,1
0,42687,0,-9.03,1,1
0,95490,1,-1.21,1,0
0,97309,1,-4.51,0,1
0,156392,-1,11.19,-1,0
0,-53175,2,14.37,-2,1
0,925844,0,1.66,-1,1
0,1351429,1,-1.93,-1,0
0,473166,-1,-6.67,-1,0
0,680843,2,-1.8,0,1
0,-1104737,-3,-4.47,1,1
0,-274954,0,-38.33,-1,0
0,41671,0,23.38,1,1
0,-52994,2,14.37,-2,1
0,549491,-1,-4.55,0,1
0,131856,-1,16.18,0,0
0,-533279,2,1.01,-1,0
0,116558,-1,-11.74,1,0
0,-34775,0,-18.68,-1,0
0,-845313,0,-4.71,1,1
0,-226105,-3,10.01,0,0
0,304001,1,10.59,0,0
0,-202892,-3,-18.63,-3,1
0,36794,0,3.43,2,1
0,-297630,-1,5.19,-1,1
0,863649,1,-4.26,0,1
0,-170295,-1,19.14,-1,0
0,-576931,-1,-2.82,-1,0
0,-778703,-3,-11.63,0,0
0,1084805,0,3.52,-1,0
0,-8662,1,-4.55,0,0
0,41671,0,23.38,1,1
0,-18833,-1,-11.78,0,1
0,-8541,1,-26.79,1,0
0,-1043276,-2,25.76,0,0
0,-96272,0,27.92,1,1
0,161976,0,3.36,2,1
0,-185780,0,0.13,-1,1
0,-778263,-2,-6.81,-1,1
0,-132348,0,1.01,-1,1
0,86330,-3,-18.87,1,1
0,-605238,2,22.3,1,0
0,206943,1,-39.39,-1,1
0,-256160,0,15.17,-1,1
0,-1281543,2,5.16,-1,1
0,-344291,0,0.1,1,0
0,124131,3,1.64,-1,1
0,-1355393,1,9.98,1,0
0,-306042,3,2.47,1,0
0,-1700964,3,4.38,0,0
0,601236,1,-10.17,0,1
0,916560,3,4.25,0,1
0,-1175483,1,4.84,1,1
0,464639,-2,11.18,-1,0
0,60865,-1,-15.43,0,1
0,230454,0,-22.46,-2,0
0,-587108,-1,2.94,0,1
0,174617,0,-2.63,-2,1
0,683943,0,4.61,1,1
0,-7244,0,2.86,0,1
0,-46176,0,26.19,2,1
0,49992,1,-5.12,-2,0
0,140408,0,16.67,-2,1
0,-78564,1,17.69,0,0
0,369198,1,14.71,0,0
0,-47427,1,-27.43,2,0
0,37155,0,0,-2,0
0,-717988,0,-5.31,-1,0
0,1005044,1,1.03,0,1
0,-433037,1,0.89,1,0
0,178491,0,5.08,0,0
0,-79787,0,-19.18,0,1
0,548064,0,1.39,0,0
0,2750347,-1,2.17,-1,1
0,-250917,0,10.95,1,1
0,-1078482,1,5.7,1,1
0,-20542,0,-0.18,0,0
0,85001,0,0.17,0,0
0,-6450,-1,2.12,0,1
0,-817085,-3,5.9,0,1
0,294394,0,32.58,1,1
0,-353696,0,-10.04,1,0
0,-1217975,-1,2.1,-1,0
0,245456,2,-1.24,0,1
0,309080,1,-11.94,2,1
0,-553626,0,14.86,0,0
0,81956,3,22.15,2,0
0,813096,0,-1.3,1,1
0,-562300,1,0,0,0
0,737367,0,2.04,0,1
0,1162859,0,15.08,-1,1
0,-54488,-1,-24.88,0,0
0,-954177,-2,1.5,-1,1
0,-32894,0,-0.79,1,1
0,1450260,-1,2.25,-2,0
0,103290,2,-11.18,0,1
0,-78535,0,-4.46,0,1
0,1191478,0,-3.12,0,1
0,-174322,-1,-2.13,1,0
0,847346,-2,2.09,0,0
0,232998,1,1.15,2,1
0,476864,0,-8.67,0,1
0,-717802,-2,5.21,-2,1
0,229776,0,0.8,-1,0
0,70614,-1,0.05,0,1
0,-956782,-3,-13.48,2,1
0,-120920,0,-5.33,-1,1
0,-907224,-2,0.69,-2,1
0,-604669,0,4.15,0,0